trial,p,i,d,target,elapsed,position,velocity,current,load,voltage,temperature,torque,goal,speed_limit
sweep-29,64,0,8,0,0.009030650999193313,612,0.0,0.0,0.0,12.3,40,1,612,1
sweep-29,64,0,8,0,0.045012851000137744,612,0.0,0.0,0.0,12.3,40,1,612,1
sweep-29,64,0,8,0,0.08602044500003103,612,0.0,0.0,0.0,12.3,40,1,612,1
sweep-29,64,0,8,0,0.12202390499987814,612,0.0,0.0,0.0,12.3,40,1,2475,2
sweep-29,64,0,8,0,0.15801510500023142,612,0.0,0.0,0.017595307917888565,12.3,40,1,2475,4
sweep-29,64,0,8,0,0.19402948999959335,612,0.0,0.0045,0.033235581622678395,12.3,40,1,2475,6
sweep-29,64,0,8,0,0.23003052399872104,612,0.0,0.036,0.06451612903225806,12.3,40,1,2475,8
sweep-29,64,0,8,0,0.26906428599977517,612,0.0,0.10799999999999998,0.11241446725317693,12.3,40,1,2475,10
sweep-29,64,0,8,0,0.30905252099910285,612,0.0,0.2385,0.176930596285435,12.3,40,1,2475,12
sweep-29,64,0,8,0,0.3490539409995108,612,0.0,0.27899999999999997,0.23949169110459434,12.3,40,1,2475,14
sweep-29,64,0,8,0,0.38908011999956216,617,10.944,0.2925,0.21114369501466276,12.3,40,1,2475,16
sweep-29,64,0,8,0,0.42907363299855206,623,10.944,0.252,0.19745845552297164,12.3,40,1,2475,18
sweep-29,64,0,8,0,0.46906681200016465,632,19.152,0.26549999999999996,0.1436950146627566,12.1,40,1,2475,20
sweep-29,64,0,8,0,0.5090666029991553,632,0.0,0.32399999999999995,0.3069403714565005,12.1,40,1,2475,22
sweep-29,64,0,8,0,0.549070725999627,645,24.624000000000002,0.2115,0.14467253176930597,12.1,40,1,2475,24
sweep-29,64,0,8,0,0.5890883499996562,651,10.944,0.33749999999999997,0.23264907135874877,12.3,40,1,2475,26
sweep-29,64,0,8,0,0.6260796879996633,662,27.360000000000003,0.1575,0.12512218963831867,12.3,40,1,2475,27
sweep-29,64,0,8,0,0.6621078139996825,671,16.416,0.26999999999999996,0.15347018572825025,12.3,40,1,2475,29
sweep-29,64,0,8,0,0.7001051979987096,676,8.208,0.32849999999999996,0.2561094819159335,12.3,40,1,2475,29
sweep-29,64,0,8,0,0.7381114149993664,688,27.360000000000003,0.2925,0.1573802541544477,12.3,40,1,2475,29
sweep-29,64,0,8,0,0.7761114850000013,696,16.416,0.369,0.20332355816226785,12.3,42,1,2475,29
sweep-29,64,0,8,0,0.8131113789986557,707,27.360000000000003,0.21599999999999997,0.14173998044965788,12.3,42,1,2475,29
sweep-29,64,0,8,0,0.8501069399990229,716,19.152,0.22499999999999998,0.16422287390029325,12.1,42,1,2475,29
sweep-29,64,0,8,0,0.8881179899999552,725,19.152,0.1755,0.16422287390029325,12.1,40,1,2475,29
sweep-29,64,0,8,0,0.9251110329987569,735,19.152,0.306,0.16422287390029325,12.1,40,1,2475,29
sweep-29,64,0,8,0,0.9621136679998017,738,10.944,0.39149999999999996,0.2668621700879765,12.3,40,1,2475,29
sweep-29,64,0,8,0,1.0001171629992314,751,27.360000000000003,0.297,0.1573802541544477,12.3,40,1,2475,29
sweep-29,64,0,8,0,1.0371399269988615,760,21.888,0.24749999999999997,0.18963831867057673,12.3,40,1,2475,29
sweep-29,64,0,8,0,1.0741381169991655,773,27.360000000000003,0.1575,0.10948191593352884,12.3,40,1,2475,29
sweep-29,64,0,8,0,1.1121426319987222,777,5.472,0.3465,0.24926686217008798,12.3,40,1,2475,29
sweep-29,64,0,8,0,1.1491349909993005,790,32.832,0.18899999999999997,0.12805474095796676,12.3,40,1,2475,29
sweep-29,64,0,8,0,1.1861338119997527,795,8.208,0.3465,0.2404692082111437,12.1,40,1,2475,29
sweep-29,64,0,8,0,1.2221475679998548,807,27.360000000000003,0.19799999999999998,0.16422287390029325,12.1,40,1,2475,29
sweep-29,64,0,8,0,1.261161442998855,818,19.152,0.1755,0.16324535679374388,12.1,40,1,2475,29
sweep-29,64,0,8,0,1.301151679999748,830,24.624000000000002,0.2115,0.11827956989247312,12.3,40,1,2475,29
sweep-29,64,0,8,0,1.3411673039991001,836,13.680000000000001,0.24749999999999997,0.21114369501466276,12.3,40,1,2475,29
sweep-29,64,0,8,0,1.379162578999967,846,21.888,0.2925,0.17302052785923755,12.3,40,1,2475,29
sweep-29,64,0,8,0,1.415163316998587,853,13.680000000000001,0.306,0.22482893450635386,12.3,40,1,2475,29
sweep-29,64,0,8,0,1.4521737489994848,864,24.624000000000002,0.2115,0.1652003910068426,12.3,40,1,2475,29
sweep-29,64,0,8,0,1.4881805049990362,876,24.624000000000002,0.17099999999999999,0.11730205278592376,12.3,40,1,2475,29
sweep-29,64,0,8,0,1.5241733369985013,880,8.208,0.3105,0.24144672531769307,12.3,40,1,2475,29
sweep-29,64,0,8,0,1.5601789079992159,891,27.360000000000003,0.20249999999999999,0.15835777126099707,12.3,40,1,2475,29
sweep-29,64,0,8,0,1.5981921819984564,899,10.944,0.3555,0.23264907135874877,12.3,40,1,2475,29
sweep-29,64,0,8,0,1.6382015290000709,910,24.624000000000002,0.2115,0.1652003910068426,12.3,40,1,2475,29
sweep-29,64,0,8,0,1.6762076359991624,921,21.888,0.1845,0.15640273704789834,12.3,40,1,2475,29
sweep-29,64,0,8,0,1.714218687999164,933,24.624000000000002,0.1755,0.10263929618768329,12.3,40,1,2475,29
sweep-29,64,0,8,0,1.751216601998749,938,10.944,0.3105,0.2013685239491691,12.3,40,1,2475,29
sweep-29,64,0,8,0,1.7872177099998225,947,21.888,0.2835,0.1739980449657869,12.3,40,1,2475,29
sweep-29,64,0,8,0,1.825239502999466,955,16.416,0.40499999999999997,0.2179863147605083,12.3,40,1,2475,29
sweep-29,64,0,8,0,1.8622420089996012,964,21.888,0.207,0.18866080156402737,12.3,40,1,2475,29
sweep-29,64,0,8,0,1.9012378099996567,977,24.624000000000002,0.22049999999999997,0.1348973607038123,12.3,40,1,2475,29
sweep-29,64,0,8,0,1.9412626379998983,987,19.152,0.18899999999999997,0.14858260019550343,12.3,40,1,2475,29
sweep-29,64,0,8,0,1.9812631709992274,997,21.888,0.22949999999999998,0.14271749755620725,12.3,40,1,2475,29
sweep-29,64,0,8,0,2.0192650739991223,1003,13.680000000000001,0.306,0.2101661779081134,12.3,40,1,2475,29
sweep-29,64,0,8,0,2.055320977999145,1013,24.624000000000002,0.27449999999999997,0.16617790811339198,12.3,40,1,2475,29
sweep-29,64,0,8,0,2.091285663000235,1020,16.416,0.27899999999999997,0.2179863147605083,12.3,40,1,2475,29
sweep-29,64,0,8,0,2.1292936600002577,1033,24.624000000000002,0.18899999999999997,0.13294232649071358,12.3,40,1,2475,29
sweep-29,64,0,8,0,2.16629648199887,1043,19.152,0.21599999999999997,0.14858260019550343,12.3,40,1,2475,29
sweep-29,64,0,8,0,2.20230507299857,1048,10.944,0.27449999999999997,0.23362658846529813,12.3,40,1,2475,29
sweep-29,64,0,8,0,2.241506925000067,1060,19.152,0.306,0.17888563049853373,12.4,40,1,2475,29
sweep-29,64,0,8,0,2.279295447999175,1067,16.416,0.2835,0.2179863147605083,12.4,40,1,2475,29
sweep-29,64,0,8,0,2.3183028240000567,1079,24.624000000000002,0.2565,0.1495601173020528,12.4,40,1,2475,29
sweep-29,64,0,8,0,2.354301581999607,1089,21.888,0.20249999999999999,0.1573802541544477,12.3,40,1,2475,29
sweep-29,64,0,8,0,2.3913029779996577,1100,24.624000000000002,0.19799999999999998,0.11925708699902249,12.3,40,1,2475,29
sweep-29,64,0,8,0,2.427309310000055,1105,10.944,0.3015,0.2179863147605083,12.3,40,1,2475,29
sweep-29,64,0,8,0,2.463314179000008,1115,24.624000000000002,0.26999999999999996,0.16715542521994134,12.3,40,1,2475,29
sweep-29,64,0,8,0,2.502331036999749,1121,13.680000000000001,0.369,0.24144672531769307,12.3,40,1,2475,29
sweep-29,64,0,8,0,2.5383264609990874,1133,27.360000000000003,0.207,0.15835777126099707,12.3,40,1,2475,29
sweep-29,64,0,8,0,2.5779855599994335,1145,21.888,0.19349999999999998,0.14076246334310852,12.1,40,1,2475,29
sweep-29,64,0,8,0,2.6153587049993803,1156,24.624000000000002,0.13049999999999998,0.10263929618768329,12.1,40,1,2475,29
sweep-29,64,0,8,0,2.651344629999585,1162,10.944,0.26549999999999996,0.18475073313782991,12.1,40,1,2475,29
sweep-29,64,0,8,0,2.688455207999141,1170,19.152,0.2925,0.1798631476050831,12.1,40,1,2475,29
sweep-29,64,0,8,0,2.7263746339995123,1178,16.416,0.369,0.21700879765395895,12.1,40,1,2475,29
sweep-29,64,0,8,0,2.7663834819995827,1188,19.152,0.297,0.21114369501466276,12.1,40,1,2475,29
sweep-29,64,0,8,0,2.806370219999735,1202,27.360000000000003,0.19349999999999998,0.12609970674486803,12.3,40,1,2475,29
sweep-29,64,0,8,0,2.842445197999041,1210,16.416,0.3015,0.1710654936461388,12.3,40,1,2475,29
sweep-29,64,0,8,0,2.882394510999802,1220,21.888,0.20249999999999999,0.15640273704789834,12.3,40,1,2475,29
sweep-29,64,0,8,0,2.9224513760000264,1228,13.680000000000001,0.31949999999999995,0.2101661779081134,12.2,40,1,2475,29
sweep-29,64,0,8,0,2.962461278999399,1239,24.624000000000002,0.24749999999999997,0.16617790811339198,12.2,40,1,2475,29
sweep-29,64,0,8,0,3.0014382489989657,1248,19.152,0.23399999999999999,0.1798631476050831,12.2,40,1,2475,29
sweep-29,64,0,8,0,3.0404528849994676,1260,24.624000000000002,0.1845,0.13391984359726294,12.1,40,1,2475,29
sweep-29,64,0,8,0,3.0774520779996237,1269,16.416,0.252,0.15347018572825025,12.1,40,1,2475,29
sweep-29,64,0,8,0,3.11347237299924,1274,10.944,0.288,0.23362658846529813,12.1,40,1,2475,29
sweep-29,64,0,8,0,3.1514465949985606,1286,21.888,0.33749999999999997,0.17302052785923755,12.3,40,1,2475,29
sweep-29,64,0,8,0,3.187473594000039,1293,16.416,0.31949999999999995,0.21700879765395895,12.3,40,1,2475,29
sweep-29,64,0,8,0,3.2244487879997905,1304,24.624000000000002,0.24749999999999997,0.1652003910068426,12.3,40,1,2475,29
sweep-29,64,0,8,0,3.2604625650001253,1315,21.888,0.1845,0.14076246334310852,12.3,40,1,2475,29
sweep-29,64,0,8,0,3.2974575190000905,1325,21.888,0.17099999999999999,0.12609970674486803,12.3,40,1,2475,29
sweep-29,64,0,8,0,3.3334508890002326,1329,5.472,0.39599999999999996,0.24731182795698925,12.3,40,1,2475,29
sweep-29,64,0,8,0,3.3694631660000596,1338,21.888,0.34199999999999997,0.20527859237536658,12.3,40,1,2475,29
sweep-29,64,0,8,0,3.4074524239986204,1345,10.944,0.423,0.2619745845552297,12.1,40,1,2475,29
sweep-29,64,0,8,0,3.443462034998447,1357,27.360000000000003,0.2385,0.18963831867057673,12.1,40,1,2475,29
sweep-29,64,0,8,0,3.4804586359987297,1370,27.360000000000003,0.20249999999999999,0.12609970674486803,12.1,40,1,2475,29
sweep-29,64,0,8,0,3.516467579998789,1380,21.888,0.126,0.12512218963831867,12.3,40,1,2475,29
sweep-29,64,0,8,0,3.5534836249989894,1387,13.680000000000001,0.26999999999999996,0.17790811339198437,12.3,40,1,2475,29
sweep-29,64,0,8,0,3.5924977059985395,1394,13.680000000000001,0.33299999999999996,0.21114369501466276,12.3,40,1,2475,29
sweep-29,64,0,8,0,3.6294921589997102,1403,19.152,0.36,0.21114369501466276,12.3,40,1,2475,29
sweep-29,64,0,8,0,3.6695070449986815,1412,19.152,0.3645,0.22776148582600195,12.3,40,1,2475,29
sweep-29,64,0,8,0,3.7055043229993316,1425,27.360000000000003,0.18,0.15640273704789834,12.3,40,1,2475,29
sweep-29,64,0,8,0,3.7435124699986773,1436,21.888,0.19349999999999998,0.14173998044965788,12.3,40,1,2475,29
sweep-29,64,0,8,0,3.779495117998522,1447,21.888,0.2115,0.12512218963831867,12.3,40,1,2475,29
sweep-29,64,0,8,0,3.819503912000073,1452,10.944,0.31949999999999995,0.23460410557184752,12.3,40,1,2475,29
sweep-29,64,0,8,0,3.8595261119990028,1462,19.152,0.33749999999999997,0.21114369501466276,12.3,40,1,2475,29
sweep-29,64,0,8,0,3.8995266469992202,1470,16.416,0.39149999999999996,0.24926686217008798,12.3,40,1,2475,29
sweep-29,64,0,8,0,3.9375331639985234,1482,27.360000000000003,0.20249999999999999,0.17302052785923755,12.3,40,1,2475,29
sweep-29,64,0,8,0,3.973533533999216,1493,21.888,0.22499999999999998,0.1573802541544477,12.5,40,1,2475,29
sweep-29,64,0,8,0,4.009538644999338,1504,24.624000000000002,0.13949999999999999,0.10263929618768329,12.5,40,1,2475,29
sweep-29,64,0,8,0,4.047532421998767,1511,10.944,0.27899999999999997,0.18475073313782991,12.5,40,1,2475,29
sweep-29,64,0,8,0,4.083534347999375,1517,13.680000000000001,0.3465,0.22580645161290322,12.3,40,1,2475,29
sweep-29,64,0,8,0,4.120555522998984,1526,19.152,0.414,0.18963831867057673,12.3,40,1,2475,29
sweep-29,64,0,8,0,4.156573115998981,1533,13.680000000000001,0.3645,0.2561094819159335,12.3,40,1,2475,29
sweep-29,64,0,8,0,4.195570365998719,1548,30.096000000000004,0.252,0.1495601173020528,12.3,40,1,2475,29
sweep-29,64,0,8,0,4.234580206999453,1559,24.624000000000002,0.18899999999999997,0.13587487781036167,12.3,40,1,2475,29
sweep-29,64,0,8,0,4.271573660998911,1570,24.624000000000002,0.16199999999999998,0.11827956989247312,12.3,42,1,2475,29
sweep-29,64,0,8,0,4.307603994999226,1577,16.416,0.22949999999999998,0.1710654936461388,12.3,42,1,2475,29
sweep-29,64,0,8,0,4.34560369799874,1584,16.416,0.3105,0.20332355816226785,12.3,42,1,2475,29
sweep-29,64,0,8,0,4.381597828998565,1593,19.152,0.38699999999999996,0.19550342130987292,12.3,40,1,2475,29
sweep-29,64,0,8,0,4.4185927269991225,1601,21.888,0.31949999999999995,0.20527859237536658,12.3,40,1,2475,29
sweep-29,64,0,8,0,4.4566439669997635,1613,24.624000000000002,0.3015,0.1652003910068426,12.1,40,1,2475,29
sweep-29,64,0,8,0,4.493626198998754,1623,24.624000000000002,0.21599999999999997,0.15151515151515152,12.1,40,1,2475,29
sweep-29,64,0,8,0,4.5296180519999325,1634,24.624000000000002,0.18,0.11827956989247312,12.1,40,1,2475,29
sweep-29,64,0,8,0,4.567627328999151,1639,10.944,0.351,0.21700879765395895,12.3,40,1,2475,29
sweep-29,64,0,8,0,4.603625273999569,1648,19.152,0.27449999999999997,0.21212121212121213,12.3,40,1,2475,29
sweep-29,64,0,8,0,4.641625977999865,1656,16.416,0.39149999999999996,0.23264907135874877,12.3,40,1,2475,29
sweep-29,64,0,8,0,4.679623199999696,1667,21.888,0.26999999999999996,0.20430107526881722,12.1,40,1,2475,29
sweep-29,64,0,8,0,4.7156219970001985,1679,24.624000000000002,0.20249999999999999,0.1652003910068426,12.1,40,1,2475,29
sweep-29,64,0,8,0,4.752635931999976,1689,21.888,0.19349999999999998,0.14076246334310852,12.1,40,1,2475,29
sweep-29,64,0,8,0,4.788639210999463,1699,19.152,0.26999999999999996,0.13196480938416422,12.1,40,1,2475,29
sweep-29,64,0,8,0,4.824632396999732,1699,0.0,0.44999999999999996,0.3255131964809384,12.1,40,1,2475,29
sweep-29,64,0,8,0,4.862675728998511,1711,24.624000000000002,0.4275,0.22678396871945258,12.1,40,1,2475,29
sweep-29,64,0,8,0,4.898664636999456,1720,19.152,0.49949999999999994,0.2434017595307918,12.3,40,1,2475,29
sweep-29,64,0,8,0,4.93566675799957,1733,30.096000000000004,0.24749999999999997,0.16617790811339198,12.3,40,1,2475,29
sweep-29,64,0,8,0,4.971654017999754,1746,27.360000000000003,0.126,0.10948191593352884,12.3,40,1,2475,29
sweep-29,64,0,8,0,5.010666063999452,1755,16.416,0.21599999999999997,0.15542521994134897,12.3,40,1,2475,29
sweep-29,64,0,8,0,5.047670332000052,1760,10.944,0.315,0.23460410557184752,12.3,40,1,2475,29
sweep-29,64,0,8,0,5.083675629999561,1769,19.152,0.3555,0.21114369501466276,12.3,40,1,2475,29
sweep-29,64,0,8,0,5.119669224999598,1775,13.680000000000001,0.4275,0.2727272727272727,12.3,40,1,2475,29
sweep-29,64,0,8,0,5.157675206999556,1787,24.624000000000002,0.27449999999999997,0.19550342130987292,12.1,40,1,2475,29
sweep-29,64,0,8,0,5.193692429998919,1799,24.624000000000002,0.22499999999999998,0.1495601173020528,12.1,39,1,2475,29
sweep-29,64,0,8,0,5.23071362599876,1809,21.888,0.18899999999999997,0.14173998044965788,12.1,39,1,2475,29
sweep-29,64,0,8,0,5.2667292569985875,1819,21.888,0.19349999999999998,0.14173998044965788,12.3,39,1,2475,29
sweep-29,64,0,8,0,5.3027087959999335,1822,0.0,0.45899999999999996,0.2756598240469208,12.3,40,1,2475,29
sweep-29,64,0,8,0,5.33870433499942,1828,16.416,0.44549999999999995,0.28152492668621704,12.3,40,1,2475,29
sweep-29,64,0,8,0,5.374700299998949,1839,21.888,0.45899999999999996,0.23460410557184752,12.3,40,1,2475,29
sweep-29,64,0,8,0,5.412711023000156,1850,24.624000000000002,0.26549999999999996,0.2130987292277615,12.3,40,1,2475,29
sweep-29,64,0,8,0,5.448725209998884,1864,27.360000000000003,0.153,0.1241446725317693,12.3,40,1,2475,29
sweep-29,64,0,8,0,5.485733737999908,1873,16.416,0.243,0.1544477028347996,12.3,40,1,2475,29
sweep-29,64,0,8,0,5.521766979998574,1878,10.944,0.315,0.23264907135874877,12.3,40,1,2475,29
sweep-29,64,0,8,0,5.557769055998506,1887,19.152,0.3105,0.21114369501466276,12.3,40,1,2475,29
sweep-29,64,0,8,0,5.595759186999203,1895,16.416,0.39149999999999996,0.23362658846529813,12.3,40,1,2475,29
sweep-29,64,0,8,0,5.6317614290001075,1906,24.624000000000002,0.297,0.18181818181818182,12.3,40,1,2475,29
sweep-29,64,0,8,0,5.668760902999566,1917,24.624000000000002,0.22499999999999998,0.14858260019550343,12.3,40,1,2475,29
sweep-29,64,0,8,0,5.7077686349985015,1926,19.152,0.207,0.1798631476050831,12.3,40,1,2475,29
sweep-29,64,0,8,0,5.74378228400019,1937,21.888,0.22949999999999998,0.14173998044965788,12.3,40,1,2475,29
sweep-29,64,0,8,0,5.782783497999844,1944,13.680000000000001,0.36,0.2101661779081134,12.3,40,1,2475,29
sweep-29,64,0,8,0,5.822786404998624,1954,19.152,0.2925,0.19550342130987292,12.3,40,1,2475,29
sweep-29,64,0,8,0,5.862801107999985,1963,19.152,0.315,0.21212121212121213,12.3,40,1,2475,29
sweep-29,64,0,8,0,5.900790238998525,1974,24.624000000000002,0.2925,0.1652003910068426,12.3,40,1,2475,29
sweep-29,64,0,8,0,5.939774600999954,1983,19.152,0.306,0.19550342130987292,12.3,40,1,2475,29
sweep-29,64,0,8,0,5.975785917999019,1993,21.888,0.26099999999999995,0.17302052785923755,12.1,40,1,2475,29
sweep-29,64,0,8,0,6.012913110000227,2002,19.152,0.315,0.1798631476050831,12.1,40,1,2475,29
sweep-29,64,0,8,0,6.0508135210002365,2010,19.152,0.2565,0.19648093841642228,12.1,40,1,2475,29
sweep-29,64,0,8,0,6.087805754999863,2021,21.888,0.32399999999999995,0.1739980449657869,12.3,40,1,2475,29
sweep-29,64,0,8,0,6.125794628000222,2029,19.152,0.3105,0.19648093841642228,12.3,40,1,2475,29
sweep-29,64,0,8,0,6.161805555999308,2039,21.888,0.26099999999999995,0.17302052785923755,12.3,40,1,2475,29
sweep-29,64,0,8,0,6.197823188000257,2048,16.416,0.32399999999999995,0.2013685239491691,12.3,40,1,2475,29
sweep-29,64,0,8,0,6.23583705999954,2058,19.152,0.24749999999999997,0.19550342130987292,12.3,40,1,2475,29
sweep-29,64,0,8,0,6.2722453480000695,2066,13.680000000000001,0.3015,0.2238514173998045,12.3,40,1,2475,29
sweep-29,64,0,8,0,6.311833285999455,2077,21.888,0.2565,0.18866080156402737,12.3,40,1,2475,29
sweep-29,64,0,8,0,6.348889740998857,2086,19.152,0.2925,0.19550342130987292,12.3,40,1,2475,29
sweep-29,64,0,8,0,6.384836264000114,2095,21.888,0.306,0.18963831867057673,12.3,40,1,2475,29
sweep-29,64,0,8,0,6.4218368679994455,2104,19.152,0.2835,0.19550342130987292,12.5,40,1,2475,29
sweep-29,64,0,8,0,6.460861378000118,2113,19.152,0.31949999999999995,0.21212121212121213,12.5,40,1,2475,29
sweep-29,64,0,8,0,6.496857584999816,2124,21.888,0.288,0.17204301075268819,12.5,42,1,2475,29
sweep-29,64,0,8,0,6.533847855998829,2131,16.416,0.369,0.2179863147605083,12.4,42,1,2475,29
sweep-29,64,0,8,0,6.571861005999381,2142,21.888,0.243,0.17302052785923755,12.4,42,1,2475,29
sweep-29,64,0,8,0,6.60786250899946,2150,16.416,0.3105,0.20234604105571846,12.4,40,1,2475,29
sweep-29,64,0,8,0,6.644868223998856,2160,21.888,0.306,0.17302052785923755,12.3,40,1,2475,29
sweep-29,64,0,8,0,6.68086876399866,2168,19.152,0.32399999999999995,0.19550342130987292,12.3,40,1,2475,29
sweep-29,64,0,8,0,6.7168779149997135,2177,21.888,0.288,0.18963831867057673,12.3,40,1,2475,29
sweep-29,64,0,8,0,6.75288325099973,2187,21.888,0.33299999999999996,0.17302052785923755,12.3,40,1,2475,29
sweep-29,64,0,8,0,6.78887977299928,2195,19.152,0.3105,0.19550342130987292,12.3,40,1,2475,29
sweep-29,64,0,8,0,6.8278867279987026,2205,21.888,0.3015,0.18866080156402737,12.3,40,1,2475,29
sweep-29,64,0,8,0,6.8639058970002225,2213,16.416,0.3015,0.20234604105571846,12.3,40,1,2475,29
sweep-29,64,0,8,0,6.900928000999556,2223,19.152,0.27899999999999997,0.19550342130987292,12.1,40,1,2475,29
sweep-29,64,0,8,0,6.936923799999931,2232,19.152,0.31949999999999995,0.19550342130987292,12.1,40,1,2475,29
sweep-29,64,0,8,0,6.972927154998615,2241,21.888,0.2925,0.18866080156402737,12.1,40,1,2475,29
sweep-29,64,0,8,0,7.0119104249988595,2251,21.888,0.2925,0.18963831867057673,12.3,40,1,2475,29
sweep-29,64,0,8,0,7.047924890999639,2260,19.152,0.297,0.19550342130987292,12.3,40,1,2475,29
sweep-29,64,0,8,0,7.084924495999076,2269,19.152,0.3105,0.19550342130987292,12.3,40,1,2475,29
sweep-29,64,0,8,0,7.122944923999967,2278,19.152,0.26099999999999995,0.19550342130987292,12.3,40,1,2475,29
sweep-29,64,0,8,0,7.159944177999932,2288,19.152,0.3105,0.19550342130987292,12.3,40,1,2475,29
sweep-29,64,0,8,0,7.196934912999495,2296,16.416,0.3105,0.21700879765395895,12.3,40,1,2475,29
sweep-29,64,0,8,0,7.232940601999871,2305,21.888,0.2925,0.18866080156402737,12.1,40,1,2475,29
sweep-29,64,0,8,0,7.270943715999238,2314,16.416,0.297,0.21700879765395895,12.1,40,1,2475,29
sweep-29,64,0,8,0,7.308959385998605,2324,21.888,0.24749999999999997,0.18866080156402737,12.1,40,1,2475,29
sweep-29,64,0,8,0,7.347935082998447,2333,19.152,0.3015,0.19550342130987292,12.1,40,1,2475,29
sweep-29,64,0,8,0,7.383964808999735,2343,21.888,0.31949999999999995,0.18963831867057673,12.1,40,1,2475,29
sweep-29,64,0,8,0,7.42096335899987,2351,19.152,0.31949999999999995,0.19550342130987292,12.1,40,1,2475,29
sweep-29,64,0,8,0,7.458985805998964,2361,21.888,0.2925,0.18866080156402737,12.3,40,1,2475,29
sweep-29,64,0,8,0,7.495973447999859,2371,19.152,0.297,0.19550342130987292,12.3,40,1,2475,29
sweep-29,64,0,8,0,7.536980699998821,2380,16.416,0.31949999999999995,0.21700879765395895,12.3,40,1,2475,29
sweep-29,64,0,8,0,7.576974165998763,2390,16.416,0.36,0.21700879765395895,12.2,40,1,2475,28
sweep-29,64,0,8,0,7.616991093000252,2398,16.416,0.38249999999999995,0.23362658846529813,12.2,40,1,2475,27
sweep-29,64,0,8,0,7.657990604999213,2410,24.624000000000002,0.19349999999999998,0.16422287390029325,12.2,40,1,2475,25
sweep-29,64,0,8,0,7.698000661999686,2421,19.152,0.153,0.1300097751710655,12.2,40,1,2475,23
sweep-29,64,0,8,0,7.740993321000133,2430,13.680000000000001,0.18,0.12805474095796676,12.2,40,1,2475,21
sweep-29,64,0,8,0,7.781003266998596,2433,5.472,0.37799999999999995,0.2130987292277615,12.2,40,1,2475,19
sweep-29,64,0,8,0,7.821001065998644,2434,0.0,0.5399999999999999,0.30303030303030304,12.3,40,1,2475,17
sweep-29,64,0,8,0,7.858019392999267,2442,16.416,0.2835,0.22776148582600195,12.3,40,1,2475,15
sweep-29,64,0,8,0,7.89503557199896,2452,21.888,0.1485,0.11827956989247312,12.3,40,1,2475,13
sweep-29,64,0,8,0,7.93205604799914,2458,10.944,0.144,0.11534701857282502,12.3,40,1,2475,11
sweep-29,64,0,8,0,7.972043660998679,2455,-8.208,0.36,0.26099706744868034,12.3,40,1,591,2
sweep-29,64,0,8,0,8.012047626998537,2455,0.0,0.38249999999999995,0.25024437927663734,12.3,40,1,591,4
sweep-29,64,0,8,0,8.050042333999954,2457,5.472,0.2115,0.187683284457478,12.0,40,1,591,6
sweep-29,64,0,8,0,8.090053836000152,2463,10.944,0.0,0.04398826979472141,12.0,40,1,591,8
sweep-29,64,0,8,0,8.130047580998507,2465,0.0,0.0,0.005865102639296188,12.0,40,1,591,10
sweep-29,64,0,8,0,8.169087499998568,2462,-5.472,0.0,0.005865102639296188,12.3,40,1,591,12
sweep-29,64,0,8,0,8.244074999998702,2460,5.472,-0.144,0.14565004887585534,12.3,40,1,591,16
sweep-29,64,0,8,0,8.283108419998825,2460,0.0,-0.24749999999999997,0.21114369501466276,12.3,40,1,591,18
sweep-29,64,0,8,0,8.319099387999813,2457,-5.472,-0.45899999999999996,0.24437927663734116,12.3,40,1,591,20
sweep-29,64,0,8,0,8.359088706998591,2451,-16.416,-0.3735,0.25317693059628543,12.3,40,1,591,22
sweep-29,64,0,8,0,8.400096588999077,2441,-19.152,-0.26549999999999996,0.19257086999022482,12.3,40,1,591,24
sweep-29,64,0,8,0,8.440113165999719,2429,-21.888,-0.22049999999999997,0.13880742913000976,12.3,40,1,591,26
sweep-29,64,0,8,0,8.480125688000044,2419,-19.152,-0.16199999999999998,0.13196480938416422,12.3,40,1,591,28
sweep-29,64,0,8,0,8.520143801999438,2412,-13.680000000000001,-0.24749999999999997,0.19452590420332355,12.3,40,1,591,29
sweep-29,64,0,8,0,8.557115816998703,2405,-13.680000000000001,-0.315,0.2101661779081134,12.3,40,1,591,29
sweep-29,64,0,8,0,8.59313952499906,2396,-19.152,-0.2835,0.21114369501466276,12.3,40,1,591,29
sweep-29,64,0,8,0,8.63011842800006,2386,-21.888,-0.2565,0.17302052785923755,12.1,40,1,591,29
sweep-29,64,0,8,0,8.66712060899954,2374,-27.360000000000003,-0.207,0.1270772238514174,12.1,40,1,591,29
sweep-29,64,0,8,0,8.704123566998533,2364,-21.888,-0.207,0.12609970674486803,12.1,40,1,591,29
sweep-29,64,0,8,0,8.74012181299986,2358,-13.680000000000001,-0.243,0.19452590420332355,12.3,40,1,591,29
sweep-29,64,0,8,0,8.77612485499958,2351,-13.680000000000001,-0.3105,0.22482893450635386,12.3,40,1,591,29
sweep-29,64,0,8,0,8.814132969999264,2341,-19.152,-0.2835,0.21114369501466276,12.3,40,1,591,29
sweep-29,64,0,8,0,8.854141603000244,2329,-21.888,-0.21599999999999997,0.17204301075268819,12.3,40,1,591,29
sweep-29,64,0,8,0,8.89522135399966,2316,-27.360000000000003,-0.16649999999999998,0.11241446725317693,12.3,40,1,591,29
sweep-29,64,0,8,0,8.934151571998882,2307,-16.416,-0.18899999999999997,0.15347018572825025,12.3,40,1,591,29
sweep-29,64,0,8,0,8.972154205999686,2302,-13.680000000000001,-0.26999999999999996,0.21114369501466276,12.3,40,1,591,29
sweep-29,64,0,8,0,9.010168857999815,2293,-19.152,-0.32399999999999995,0.19550342130987292,12.3,40,1,591,29
sweep-29,64,0,8,0,9.047164408999379,2285,-16.416,-0.288,0.21700879765395895,12.3,40,1,591,29
sweep-29,64,0,8,0,9.084189682000215,2274,-21.888,-0.2115,0.187683284457478,12.3,40,1,591,29
sweep-29,64,0,8,0,9.122182409999368,2262,-21.888,-0.1845,0.13978494623655913,12.1,40,1,591,29
sweep-29,64,0,8,0,9.15919531399959,2250,-24.624000000000002,-0.144,0.10263929618768329,12.1,40,1,591,29
sweep-29,64,0,8,0,9.199190022000039,2245,-8.208,-0.2925,0.22580645161290322,12.1,40,1,591,29
sweep-29,64,0,8,0,9.239198915000088,2237,-16.416,-0.37799999999999995,0.23362658846529813,12.3,40,1,591,29
sweep-29,64,0,8,0,9.278195521999805,2228,-16.416,-0.38249999999999995,0.23264907135874877,12.3,40,1,591,29
sweep-29,64,0,8,0,9.31820960099867,2216,-24.624000000000002,-0.23399999999999999,0.18084066471163246,12.3,40,1,591,29
sweep-29,64,0,8,0,9.356206735999876,2204,-24.624000000000002,-0.19349999999999998,0.13196480938416422,12.3,40,1,591,29
sweep-29,64,0,8,0,9.394209166999644,2192,-24.624000000000002,-0.16199999999999998,0.10361681329423265,12.3,40,1,591,29
sweep-29,64,0,8,0,9.431197570998847,2186,-10.944,-0.26099999999999995,0.18475073313782991,12.3,40,1,591,29
sweep-29,64,0,8,0,9.46820836400002,2180,-13.680000000000001,-0.40049999999999997,0.22678396871945258,12.3,40,1,591,29
sweep-29,64,0,8,0,9.506209942999703,2172,-16.416,-0.3645,0.23264907135874877,12.3,40,1,591,29
sweep-29,64,0,8,0,9.543222846999925,2162,-19.152,-0.3105,0.22678396871945258,12.3,40,1,591,29
sweep-29,64,0,8,0,9.583228128998599,2148,-27.360000000000003,-0.17099999999999999,0.14076246334310852,12.3,40,1,591,29
sweep-29,64,0,8,0,9.623257409999496,2136,-24.624000000000002,-0.1485,0.11827956989247312,12.3,40,1,591,29
sweep-29,64,0,8,0,9.66323915599969,2127,-16.416,-0.207,0.13391984359726294,12.3,40,1,591,29
sweep-29,64,0,8,0,9.702253077999558,2120,-13.680000000000001,-0.306,0.21114369501466276,12.3,40,1,591,29
sweep-29,64,0,8,0,9.740256712999326,2113,-16.416,-0.351,0.23362658846529813,12.3,40,1,591,29
sweep-29,64,0,8,0,9.776250330000039,2104,-19.152,-0.38249999999999995,0.22678396871945258,12.3,40,1,591,29
sweep-29,64,0,8,0,9.812240057999588,2093,-24.624000000000002,-0.2385,0.18084066471163246,12.3,40,1,591,29
sweep-29,64,0,8,0,9.85027282199917,2081,-24.624000000000002,-0.1755,0.13391984359726294,12.3,40,1,591,29
sweep-29,64,0,8,0,9.890305084998545,2069,-21.888,-0.16199999999999998,0.1104594330400782,12.3,40,1,591,29
sweep-29,64,0,8,0,9.927269619998697,2063,-13.680000000000001,-0.2565,0.19452590420332355,12.3,40,1,591,29
sweep-29,64,0,8,0,9.967279123999106,2055,-16.416,-0.38249999999999995,0.21896383186705767,12.3,40,1,591,29
sweep-29,64,0,8,0,10.007292905998838,2046,-16.416,-0.45449999999999996,0.25024437927663734,12.3,40,1,591,29
sweep-29,64,0,8,0,10.046282938999866,2035,-21.888,-0.32849999999999996,0.21896383186705767,12.0,40,1,591,29
sweep-29,64,0,8,0,10.086274481998771,2021,-27.360000000000003,-0.18899999999999997,0.12609970674486803,12.0,40,1,591,29
sweep-29,64,0,8,0,10.124280654999893,2011,-24.624000000000002,-0.153,0.11925708699902249,12.0,40,1,591,29
sweep-29,64,0,8,0,10.162334325999836,2002,-16.416,-0.243,0.1544477028347996,12.3,40,1,591,29
sweep-29,64,0,8,0,10.199309009998615,1996,-13.680000000000001,-0.33299999999999996,0.21114369501466276,12.3,40,1,591,29
sweep-29,64,0,8,0,10.235300573000131,1989,-16.416,-0.39599999999999996,0.23264907135874877,12.3,40,1,591,29
sweep-29,64,0,8,0,10.273317430999668,1980,-19.152,-0.37799999999999995,0.22678396871945258,12.3,40,1,591,29
sweep-29,64,0,8,0,10.310332316999848,1968,-27.360000000000003,-0.243,0.1739980449657869,12.3,40,1,591,29
sweep-29,64,0,8,0,10.349327795000136,1955,-24.624000000000002,-0.153,0.13391984359726294,12.3,40,1,591,29
sweep-29,64,0,8,0,10.389752844999748,1943,-24.624000000000002,-0.11699999999999999,0.10166177908113393,12.1,40,1,591,29
sweep-29,64,0,8,0,10.429343453999536,1937,-8.208,-0.27899999999999997,0.21114369501466276,12.1,40,1,591,29
sweep-29,64,0,8,0,10.467352441999537,1930,-19.152,-0.3645,0.21212121212121213,12.1,40,1,591,29
sweep-29,64,0,8,0,10.503346763998707,1923,-13.680000000000001,-0.45899999999999996,0.25513196480938416,12.3,40,1,591,29
sweep-29,64,0,8,0,10.54034494699954,1914,-21.888,-0.423,0.23655913978494625,12.3,40,1,591,29
sweep-29,64,0,8,0,10.576358528000128,1901,-27.360000000000003,-0.22949999999999998,0.15640273704789834,12.3,40,1,591,29
sweep-29,64,0,8,0,10.612356978999742,1890,-24.624000000000002,-0.17099999999999999,0.1348973607038123,12.3,40,1,591,29
sweep-29,64,0,8,0,10.651358123999671,1878,-24.624000000000002,-0.1485,0.10166177908113393,12.3,40,1,591,29
sweep-29,64,0,8,0,10.687361612999666,1875,-5.472,-0.33299999999999996,0.2482893450635386,12.3,40,1,591,29
sweep-29,64,0,8,0,10.72635886900025,1865,-19.152,-0.3555,0.21114369501466276,12.3,40,1,591,29
sweep-29,64,0,8,0,10.764367485999173,1858,-13.680000000000001,-0.4275,0.2570869990224829,12.3,40,1,591,29
sweep-29,64,0,8,0,10.800368715999866,1848,-21.888,-0.32849999999999996,0.21896383186705767,12.3,40,1,591,29
sweep-29,64,0,8,0,10.836374574999354,1836,-27.360000000000003,-0.23399999999999999,0.15835777126099707,12.3,40,1,591,29
sweep-29,64,0,8,0,10.874395135999293,1824,-24.624000000000002,-0.16649999999999998,0.11827956989247312,12.3,40,1,591,29
sweep-29,64,0,8,0,10.914394752999215,1814,-16.416,-0.2385,0.13880742913000976,12.3,40,1,591,29
sweep-29,64,0,8,0,10.950414999999339,1809,-13.680000000000001,-0.3645,0.22776148582600195,12.3,40,1,591,29
sweep-29,64,0,8,0,10.990421209999113,1800,-16.416,-0.43649999999999994,0.23362658846529813,12.3,40,1,591,29
sweep-29,64,0,8,0,11.030440492999332,1792,-19.152,-0.40499999999999997,0.2590420332355816,12.3,40,1,591,29
sweep-29,64,0,8,0,11.070423535998998,1778,-27.360000000000003,-0.2835,0.17302052785923755,12.3,40,1,591,29
sweep-29,64,0,8,0,11.110440912998456,1766,-27.360000000000003,-0.18899999999999997,0.1270772238514174,12.3,40,1,591,29
sweep-29,64,0,8,0,11.148429068998666,1755,-24.624000000000002,-0.17099999999999999,0.10263929618768329,12.3,40,1,591,29
sweep-29,64,0,8,0,11.186441335999916,1750,-10.944,-0.2925,0.2179863147605083,12.3,40,1,591,29
sweep-29,64,0,8,0,11.223431093998443,1741,-21.888,-0.3645,0.18963831867057673,12.3,40,1,591,29
sweep-29,64,0,8,0,11.259437860999242,1735,-13.680000000000001,-0.5355,0.2570869990224829,12.3,40,1,591,29
sweep-29,64,0,8,0,11.297436535000088,1724,-21.888,-0.32849999999999996,0.23558162267839688,12.3,40,1,591,29
sweep-29,64,0,8,0,11.334463180999592,1712,-24.624000000000002,-0.252,0.18181818181818182,12.5,40,1,591,29
sweep-29,64,0,8,0,11.373442328000237,1700,-24.624000000000002,-0.16649999999999998,0.1270772238514174,12.5,40,1,591,29
sweep-29,64,0,8,0,11.413467148999189,1689,-19.152,-0.207,0.14858260019550343,12.5,40,1,591,29
sweep-29,64,0,8,0,11.453468470999724,1682,-13.680000000000001,-0.315,0.2101661779081134,12.5,40,1,591,29
sweep-29,64,0,8,0,11.491459385999406,1673,-19.152,-0.32849999999999996,0.19648093841642228,12.5,40,1,591,29
sweep-29,64,0,8,0,11.527620389999356,1666,-16.416,-0.33299999999999996,0.23460410557184752,12.5,40,1,591,29
sweep-29,64,0,8,0,11.563497067998469,1655,-21.888,-0.3015,0.20527859237536658,12.3,40,1,591,29
sweep-29,64,0,8,0,11.601514296999085,1644,-24.624000000000002,-0.2565,0.16617790811339198,12.3,40,1,591,29
sweep-29,64,0,8,0,11.641481508999277,1633,-21.888,-0.207,0.1573802541544477,12.3,40,1,591,29
sweep-29,64,0,8,0,11.678486062999582,1623,-21.888,-0.19349999999999998,0.14076246334310852,12.1,40,1,591,29
sweep-29,64,0,8,0,11.714511700000003,1614,-19.152,-0.2115,0.14858260019550343,12.1,40,1,591,29
sweep-29,64,0,8,0,11.752525578000132,1606,-16.416,-0.288,0.187683284457478,12.1,40,1,591,29
sweep-29,64,0,8,0,11.78951053899982,1598,-19.152,-0.34199999999999997,0.19550342130987292,12.1,40,1,591,29
sweep-29,64,0,8,0,11.829508934999467,1589,-16.416,-0.315,0.2179863147605083,12.1,40,1,591,29
sweep-29,64,0,8,0,11.917535186999885,1566,-21.888,-0.243,0.18963831867057673,12.3,40,1,591,29
sweep-29,64,0,8,0,11.955531286999758,1555,-21.888,-0.22499999999999998,0.15640273704789834,12.3,40,1,591,29
sweep-29,64,0,8,0,11.992543599999408,1545,-21.888,-0.207,0.15835777126099707,12.3,40,1,591,29
sweep-29,64,0,8,0,12.02853636799955,1536,-21.888,-0.22949999999999998,0.14173998044965788,12.3,40,1,591,29
sweep-29,64,0,8,0,12.066547487000207,1528,-16.416,-0.2925,0.20234604105571846,12.3,40,1,591,29
sweep-29,64,0,8,0,12.103544670999327,1519,-19.152,-0.306,0.19550342130987292,12.3,40,1,591,29
sweep-29,64,0,8,0,12.14256968799964,1510,-16.416,-0.36,0.2179863147605083,12.3,40,1,591,29
sweep-29,64,0,8,0,12.182571436998842,1499,-21.888,-0.2565,0.18866080156402737,12.3,40,1,591,29
sweep-29,64,0,8,0,12.222565926998868,1489,-19.152,-0.26099999999999995,0.19550342130987292,12.3,40,1,591,29
sweep-29,64,0,8,0,12.262564934999318,1478,-21.888,-0.24749999999999997,0.17302052785923755,12.3,40,1,591,29
sweep-29,64,0,8,0,12.300569555000038,1469,-19.152,-0.26549999999999996,0.1798631476050831,12.3,40,1,591,29
sweep-29,64,0,8,0,12.336587193000014,1459,-21.888,-0.27449999999999997,0.15835777126099707,12.3,40,1,591,29
sweep-29,64,0,8,0,12.372585850998803,1451,-19.152,-0.288,0.1798631476050831,12.3,40,1,591,29
sweep-29,64,0,8,0,12.410598025999207,1442,-19.152,-0.26549999999999996,0.19550342130987292,12.3,40,1,591,29
sweep-29,64,0,8,0,12.446604404998652,1433,-19.152,-0.297,0.19550342130987292,12.3,40,1,591,29
sweep-29,64,0,8,0,12.484623671998634,1424,-19.152,-0.2925,0.19550342130987292,12.3,40,1,591,29
sweep-29,64,0,8,0,12.520589570998709,1415,-19.152,-0.2925,0.19550342130987292,12.3,40,1,591,29
sweep-29,64,0,8,0,12.556592302998979,1405,-19.152,-0.3015,0.19550342130987292,12.3,40,1,591,29
sweep-29,64,0,8,0,12.5926061629998,1395,-21.888,-0.297,0.17302052785923755,12.3,40,1,591,29
sweep-29,64,0,8,0,12.628604673000154,1387,-19.152,-0.288,0.19550342130987292,12.3,40,1,591,29
sweep-29,64,0,8,0,12.666649938999399,1377,-19.152,-0.24749999999999997,0.1798631476050831,12.3,40,1,591,29
sweep-29,64,0,8,0,12.702618485998755,1368,-19.152,-0.2565,0.19550342130987292,12.3,40,1,591,29
sweep-29,64,0,8,0,12.73962776299959,1359,-19.152,-0.26549999999999996,0.1798631476050831,12.3,40,1,591,29
sweep-29,64,0,8,0,12.775628698998844,1350,-19.152,-0.2565,0.1798631476050831,12.3,40,1,591,29
sweep-29,64,0,8,0,12.812634179999804,1341,-19.152,-0.24749999999999997,0.19550342130987292,12.3,40,1,591,29
sweep-29,64,0,8,0,12.848631910999757,1332,-19.152,-0.26549999999999996,0.19550342130987292,12.3,40,1,591,29
sweep-29,64,0,8,0,12.884646253000028,1323,-19.152,-0.26099999999999995,0.19550342130987292,12.3,40,1,591,29
sweep-29,64,0,8,0,12.922650761998739,1314,-19.152,-0.252,0.19550342130987292,12.3,40,1,591,29
sweep-29,64,0,8,0,12.958649901000172,1304,-19.152,-0.315,0.1798631476050831,12.3,40,1,591,29
sweep-29,64,0,8,0,12.995736323999154,1295,-21.888,-0.27449999999999997,0.1739980449657869,12.3,40,1,591,29
sweep-29,64,0,8,0,13.031667760998971,1287,-16.416,-0.2925,0.2013685239491691,12.3,40,1,591,29
sweep-29,64,0,8,0,13.068746387998544,1277,-21.888,-0.3105,0.17302052785923755,12.1,40,1,591,29
sweep-29,64,0,8,0,13.107762554000146,1267,-19.152,-0.3015,0.1798631476050831,12.1,40,1,591,29
sweep-29,64,0,8,0,13.144764906999626,1258,-21.888,-0.306,0.17302052785923755,12.1,40,1,591,29
sweep-29,64,0,8,0,13.181769147999148,1249,-21.888,-0.3015,0.18963831867057673,12.1,40,1,591,29
sweep-29,64,0,8,0,13.218758426999557,1240,-21.888,-0.27899999999999997,0.18963831867057673,12.1,40,1,591,29
sweep-29,64,0,8,0,13.25574470599895,1230,-21.888,-0.3105,0.17302052785923755,12.1,40,1,591,29
sweep-29,64,0,8,0,13.293741419998696,1222,-16.416,-0.3015,0.2013685239491691,12.3,40,1,591,29
sweep-29,64,0,8,0,13.32973981899886,1212,-21.888,-0.24749999999999997,0.17302052785923755,12.3,40,1,591,29
sweep-29,64,0,8,0,13.365739328999553,1203,-19.152,-0.297,0.1798631476050831,12.3,40,1,591,29
sweep-29,64,0,8,0,13.40374776399949,1194,-21.888,-0.288,0.18963831867057673,12.2,40,1,591,29
sweep-29,64,0,8,0,13.439741570999104,1185,-19.152,-0.3105,0.19648093841642228,12.2,40,1,591,29
sweep-29,64,0,8,0,13.476745553,1176,-19.152,-0.2835,0.19550342130987292,12.2,40,1,591,29
sweep-29,64,0,8,0,13.514750618000107,1166,-21.888,-0.3015,0.1739980449657869,12.2,40,1,591,29
sweep-29,64,0,8,0,13.550746387998515,1157,-21.888,-0.26549999999999996,0.18963831867057673,12.2,40,1,591,29
sweep-29,64,0,8,0,13.590757989999474,1147,-21.888,-0.2835,0.18963831867057673,12.2,40,1,591,29
sweep-29,64,0,8,0,13.627755767998678,1139,-16.416,-0.297,0.21700879765395895,12.2,40,1,591,29
sweep-29,64,0,8,0,13.663775925999289,1129,-21.888,-0.252,0.18963831867057673,12.3,40,1,591,29
sweep-29,64,0,8,0,13.699782861998756,1120,-19.152,-0.32399999999999995,0.1798631476050831,12.3,40,1,591,29
sweep-29,64,0,8,0,13.737770130999706,1110,-21.888,-0.306,0.1739980449657869,12.3,40,1,591,29
sweep-29,64,0,8,0,13.773782696998751,1102,-19.152,-0.32849999999999996,0.19648093841642228,12.3,40,1,591,29
sweep-29,64,0,8,0,13.810802733998571,1093,-21.888,-0.3105,0.18963831867057673,12.3,40,1,591,29
sweep-29,64,0,8,0,13.846798040998692,1084,-19.152,-0.36,0.19550342130987292,12.3,40,1,591,29
sweep-29,64,0,8,0,13.882784865998474,1075,-21.888,-0.27899999999999997,0.18963831867057673,12.3,40,1,591,29
sweep-29,64,0,8,0,13.918805782999698,1066,-19.152,-0.288,0.19550342130987292,12.3,40,1,591,29
sweep-29,64,0,8,0,13.954797700998824,1057,-19.152,-0.27899999999999997,0.19550342130987292,12.3,40,1,591,29
sweep-29,64,0,8,0,13.99280943299891,1048,-19.152,-0.2925,0.19550342130987292,12.3,40,1,591,29
sweep-29,64,0,8,0,14.028825960998802,1039,-19.152,-0.3105,0.19550342130987292,12.3,40,1,591,29
sweep-29,64,0,8,0,14.065831090998472,1029,-21.888,-0.26999999999999996,0.18866080156402737,12.3,41,1,591,29
sweep-29,64,0,8,0,14.101831879999736,1020,-19.152,-0.2925,0.19550342130987292,12.3,41,1,591,29
sweep-29,64,0,8,0,14.137837483998737,1011,-21.888,-0.26999999999999996,0.1739980449657869,12.3,41,1,591,29
sweep-29,64,0,8,0,14.173844588000065,1002,-21.888,-0.3105,0.1739980449657869,12.3,40,1,591,29
sweep-29,64,0,8,0,14.209845747000145,994,-19.152,-0.297,0.19550342130987292,12.3,40,1,591,29
sweep-29,64,0,8,0,14.247869330998583,984,-21.888,-0.288,0.18963831867057673,12.3,40,1,591,29
sweep-29,64,0,8,0,14.28485912999895,975,-19.152,-0.306,0.19550342130987292,12.3,40,1,591,29
sweep-29,64,0,8,0,14.321854427998915,965,-24.624000000000002,-0.306,0.16715542521994134,12.3,40,1,591,29
sweep-29,64,0,8,0,14.357884789998934,958,-19.152,-0.2925,0.19550342130987292,12.3,40,1,591,29
sweep-29,64,0,8,0,14.396878402998482,948,-21.888,-0.3015,0.17302052785923755,12.3,40,1,591,29
sweep-29,64,0,8,0,14.433896570999423,939,-19.152,-0.32849999999999996,0.19550342130987292,12.3,40,1,591,29
sweep-29,64,0,8,0,14.469929562999823,929,-21.888,-0.27449999999999997,0.1739980449657869,12.1,40,1,591,29
sweep-29,64,0,8,0,14.505970868998702,921,-19.152,-0.3105,0.19550342130987292,12.1,40,1,591,29
sweep-29,64,0,8,0,14.5439149369995,912,-19.152,-0.33749999999999997,0.19550342130987292,12.1,40,1,591,29
sweep-29,64,0,8,0,14.580921105000016,902,-19.152,-0.297,0.19550342130987292,12.3,40,1,591,29
sweep-29,64,0,8,0,14.617909458998838,893,-19.152,-0.315,0.19550342130987292,12.3,40,1,591,29
sweep-29,64,0,8,0,14.653905007999128,884,-19.152,-0.297,0.19550342130987292,12.3,40,1,591,29
sweep-29,64,0,8,0,14.689911055998891,875,-19.152,-0.32849999999999996,0.19550342130987292,12.3,40,1,591,29
sweep-29,64,0,8,0,14.725928584999565,866,-19.152,-0.306,0.19550342130987292,12.3,40,1,591,29
sweep-29,64,0,8,0,14.761931743998502,857,-19.152,-0.32399999999999995,0.19550342130987292,12.3,40,1,591,29
sweep-29,64,0,8,0,14.798925190998489,849,-19.152,-0.306,0.21114369501466276,12.1,40,1,591,29
sweep-29,64,0,8,0,14.835930969999026,839,-19.152,-0.3015,0.19550342130987292,12.1,40,1,591,29
sweep-29,64,0,8,0,14.871942351999678,830,-19.152,-0.33299999999999996,0.19550342130987292,12.1,40,1,591,29
sweep-29,64,0,8,0,14.90793523299908,820,-21.888,-0.252,0.18866080156402737,12.1,40,1,591,29
sweep-29,64,0,8,0,14.944933734999722,812,-16.416,-0.3015,0.2013685239491691,12.2,40,1,591,29
sweep-29,64,0,8,0,14.98293874599949,802,-21.888,-0.26999999999999996,0.18866080156402737,12.2,41,1,591,29
sweep-29,64,0,8,0,15.018949441999212,793,-19.152,-0.36,0.19648093841642228,12.2,41,1,591,29
sweep-29,64,0,8,0,15.055948758999875,784,-21.888,-0.297,0.18963831867057673,12.3,41,1,591,29
sweep-29,64,0,8,0,15.094017342998995,775,-19.152,-0.3015,0.21114369501466276,12.3,41,1,591,29
sweep-29,64,0,8,0,15.130996013000185,765,-19.152,-0.2385,0.19550342130987292,12.3,41,1,591,29
sweep-29,64,0,8,0,15.171005227999558,755,-19.152,-0.32849999999999996,0.19550342130987292,12.3,41,1,591,29
sweep-29,64,0,8,0,15.21101820199874,745,-19.152,-0.2835,0.19550342130987292,12.3,40,1,591,29
sweep-29,64,0,8,0,15.255058063999968,735,-19.152,-0.3465,0.19550342130987292,12.3,40,1,591,29
sweep-29,64,0,8,0,15.292994428999009,726,-21.888,-0.3105,0.18963831867057673,12.3,40,1,591,29
sweep-29,64,0,8,0,15.328982293998706,717,-21.888,-0.3015,0.18866080156402737,12.3,41,1,591,29
sweep-29,64,0,8,0,15.366999249999935,708,-19.152,-0.2925,0.21212121212121213,12.3,41,1,591,29
sweep-29,64,0,8,0,15.40300061400012,699,-21.888,-0.26099999999999995,0.18866080156402737,12.3,41,1,591,29
sweep-29,64,0,8,0,15.439991469000233,691,-16.416,-0.351,0.2179863147605083,12.3,40,1,591,29
sweep-29,64,0,8,0,15.478007980000257,681,-21.888,-0.3015,0.18866080156402737,12.3,40,1,591,29
sweep-29,64,0,8,0,15.515016612000181,672,-19.152,-0.315,0.21114369501466276,12.3,40,1,591,28
sweep-29,64,0,8,0,15.552045336999072,663,-19.152,-0.2835,0.19452590420332355,12.3,40,1,591,26
sweep-29,64,0,8,0,15.591021524998723,653,-19.152,-0.26549999999999996,0.16226783968719452,12.3,40,1,591,24
sweep-29,64,0,8,0,15.63101548099985,645,-16.416,-0.22949999999999998,0.16911045943304007,12.3,40,1,591,22
sweep-29,64,0,8,0,15.671024993000174,637,-16.416,-0.22049999999999997,0.16911045943304007,12.3,40,1,591,20
sweep-29,64,0,8,0,15.711022448998847,631,-10.944,-0.26549999999999996,0.18084066471163246,12.3,40,1,591,18
sweep-29,64,0,8,0,15.750050283999371,625,-13.680000000000001,-0.243,0.17497556207233628,12.4,40,1,591,16
sweep-29,64,0,8,0,15.790053351000097,621,-8.208,-0.2835,0.20332355816226785,12.4,41,1,591,14
sweep-29,64,0,8,0,15.830071139998836,615,-10.944,-0.26099999999999995,0.1798631476050831,12.4,41,1,591,12
sweep-29,64,0,8,0,15.870077780999054,612,-5.472,-0.2565,0.20821114369501467,12.0,41,1,591,10
sweep-29,64,0,8,0,15.910074329998679,609,-5.472,-0.3465,0.20918866080156404,12.0,41,1,591,8
sweep-29,64,0,8,0,15.951068831998782,608,0.0,-0.33749999999999997,0.23655913978494625,12.0,41,1,2475,3
sweep-29,64,0,8,0,15.987072825999348,605,-8.208,-0.22049999999999997,0.16617790811339198,12.3,41,1,2475,5
sweep-29,64,0,8,0,16.027069503999883,604,0.0,-0.13499999999999998,0.15347018572825025,12.3,41,1,2475,7
sweep-29,64,0,8,0,16.067094736999934,603,0.0,-0.05399999999999999,0.08895405669599218,12.3,41,1,2475,9
sweep-29,64,0,8,0,16.10707836199981,604,0.0,-0.0045,0.059628543499511244,12.3,41,1,2475,11
sweep-29,64,0,8,0,16.147090614998888,604,0.0,0.0,0.004887585532746823,12.3,41,1,2475,13
sweep-29,64,0,8,0,16.187103256999762,605,0.0,0.045,0.05180840664711633,12.3,41,1,2475,15
sweep-29,64,0,8,0,16.228099018999274,605,0.0,0.22499999999999998,0.14760508308895406,12.3,41,1,2475,17
sweep-29,64,0,8,0,16.268112383999323,605,0.0,0.33749999999999997,0.24242424242424243,12.3,41,1,2475,19
sweep-29,64,0,8,0,16.308106118998694,609,8.208,0.44999999999999996,0.25219941348973607,12.3,41,1,2475,21
sweep-29,64,0,8,0,16.348118631000034,617,21.888,0.26999999999999996,0.2179863147605083,12.3,41,1,2475,23
sweep-29,64,0,8,0,16.38912272699963,629,21.888,0.243,0.1544477028347996,12.3,41,1,2475,25
sweep-29,64,0,8,0,16.429123832000187,638,19.152,0.20249999999999999,0.14760508308895406,12.3,41,1,2475,27
sweep-29,64,0,8,0,16.46914391899918,646,16.416,0.2565,0.18572825024437928,12.3,41,1,2475,29
sweep-29,64,0,8,0,16.50913561699963,654,16.416,0.32849999999999996,0.20234604105571846,12.3,41,1,2475,29
sweep-29,64,0,8,0,16.5451308899992,664,21.888,0.243,0.17302052785923755,12.2,41,1,2475,29
sweep-29,64,0,8,0,16.58116291999977,674,21.888,0.18,0.1573802541544477,12.2,41,1,2475,29
sweep-29,64,0,8,0,16.62017968299915,687,24.624000000000002,0.1755,0.10166177908113393,12.2,40,1,2475,29
sweep-29,64,0,8,0,16.65915444699931,693,10.944,0.26099999999999995,0.20234604105571846,12.3,40,1,2475,29
sweep-29,64,0,8,0,16.69915773699904,703,21.888,0.26999999999999996,0.1739980449657869,12.3,40,1,2475,29
sweep-29,64,0,8,0,16.737165193999317,709,13.680000000000001,0.3465,0.22482893450635386,12.3,41,1,2475,29
sweep-29,64,0,8,0,16.774168308998924,719,21.888,0.23399999999999999,0.18866080156402737,12.3,41,1,2475,29
sweep-29,64,0,8,0,16.81116970199946,731,24.624000000000002,0.2115,0.13294232649071358,12.3,41,1,2475,29
sweep-29,64,0,8,0,16.8471733819988,737,13.680000000000001,0.26549999999999996,0.19452590420332355,12.3,41,1,2475,29
sweep-29,64,0,8,0,16.883188190999135,748,27.360000000000003,0.16649999999999998,0.1270772238514174,12.3,41,1,2475,29
sweep-29,64,0,8,0,16.919178574999023,754,8.208,0.423,0.22287390029325513,12.3,41,1,2475,29
sweep-29,64,0,8,0,16.95517403299891,762,21.888,0.315,0.20625610948191594,12.3,41,1,2475,29
sweep-29,64,0,8,0,16.991209155999968,773,24.624000000000002,0.297,0.1652003910068426,12.3,41,1,2475,29
sweep-29,64,0,8,0,17.02821599299932,783,24.624000000000002,0.18,0.15151515151515152,12.3,41,1,2475,29
sweep-29,64,0,8,0,17.06520581299992,794,21.888,0.22049999999999997,0.11827956989247312,12.3,41,1,2475,29
sweep-29,64,0,8,0,17.10121102999983,798,8.208,0.306,0.24144672531769307,12.3,41,1,2475,29
sweep-29,64,0,8,0,17.137220062999404,812,30.096000000000004,0.23399999999999999,0.11827956989247312,12.3,41,1,2475,29
sweep-29,64,0,8,0,17.17722333599886,817,10.944,0.3465,0.24926686217008798,12.3,41,1,2475,29
sweep-29,64,0,8,0,17.21728636699845,832,27.360000000000003,0.21599999999999997,0.14173998044965788,12.3,41,1,2475,29
sweep-29,64,0,8,0,17.25625828000011,842,21.888,0.1755,0.14271749755620725,12.3,41,1,2475,29
sweep-29,64,0,8,0,17.296242182999777,852,19.152,0.19799999999999998,0.14760508308895406,12.3,41,1,2475,29
sweep-29,64,0,8,0,17.334246492999227,857,10.944,0.26999999999999996,0.2179863147605083,12.3,41,1,2475,29
sweep-29,64,0,8,0,17.371251053999003,868,24.624000000000002,0.24749999999999997,0.1652003910068426,12.3,41,1,2475,29
sweep-29,64,0,8,0,17.408235799999602,875,13.680000000000001,0.33749999999999997,0.22482893450635386,12.3,41,1,2475,29
sweep-29,64,0,8,0,17.44426001699867,887,27.360000000000003,0.1845,0.14271749755620725,12.3,41,1,2475,29
sweep-29,64,0,8,0,17.480261512999277,898,21.888,0.22049999999999997,0.12512218963831867,12.3,41,1,2475,29
sweep-29,64,0,8,0,17.520252730999346,904,13.680000000000001,0.26549999999999996,0.21114369501466276,12.3,41,1,2475,29
sweep-29,64,0,8,0,17.558287743999244,917,24.624000000000002,0.252,0.13294232649071358,12.3,41,1,2475,29
sweep-29,64,0,8,0,17.598324941998726,923,13.680000000000001,0.315,0.22678396871945258,12.3,41,1,2475,29
sweep-29,64,0,8,0,17.638278845999594,935,24.624000000000002,0.23399999999999999,0.16422287390029325,12.3,41,1,2475,29
sweep-29,64,0,8,0,17.676297119000083,945,21.888,0.18899999999999997,0.1573802541544477,12.3,41,1,2475,29
sweep-29,64,0,8,0,17.714304095999978,957,24.624000000000002,0.16649999999999998,0.10166177908113393,12.3,41,1,2475,29
sweep-29,64,0,8,0,17.751294267998674,960,5.472,0.38249999999999995,0.2482893450635386,12.3,41,1,2475,29
sweep-29,64,0,8,0,17.787338150999858,970,27.360000000000003,0.27899999999999997,0.15835777126099707,12.3,41,1,2475,29
sweep-29,64,0,8,0,17.82531453699994,976,10.944,0.423,0.26392961876832843,12.3,41,1,2475,29
sweep-29,64,0,8,0,17.86231511599908,989,27.360000000000003,0.207,0.1573802541544477,12.3,41,1,2475,29
sweep-29,64,0,8,0,17.90131724999992,1002,24.624000000000002,0.17099999999999999,0.11827956989247312,12.3,41,1,2475,29
sweep-29,64,0,8,0,17.942329994999454,1010,16.416,0.1845,0.17204301075268819,12.4,41,1,2475,29
sweep-29,64,0,8,0,17.981360443000085,1021,19.152,0.23399999999999999,0.14760508308895406,12.4,41,1,2475,29
sweep-29,64,0,8,0,18.01935208699979,1027,13.680000000000001,0.315,0.21114369501466276,12.4,41,1,2475,29
sweep-29,64,0,8,0,18.05536284200025,1037,21.888,0.3015,0.17204301075268819,12.4,41,1,2475,29
sweep-29,64,0,8,0,18.091357597999377,1046,21.888,0.22049999999999997,0.1739980449657869,12.3,41,1,2475,29
sweep-29,64,0,8,0,18.129365742999653,1058,27.360000000000003,0.16199999999999998,0.1104594330400782,12.3,41,1,2475,29
sweep-29,64,0,8,0,18.166375933999007,1065,13.680000000000001,0.3015,0.19550342130987292,12.3,41,1,2475,29
sweep-29,64,0,8,0,18.203381327999523,1074,24.624000000000002,0.2115,0.16617790811339198,12.3,41,1,2475,29
sweep-29,64,0,8,0,18.24244186999931,1082,13.680000000000001,0.3555,0.22580645161290322,12.3,41,1,2475,29
sweep-29,64,0,8,0,18.278393219999998,1093,24.624000000000002,0.24749999999999997,0.1652003910068426,12.3,41,1,2475,29
sweep-29,64,0,8,0,18.316381994998665,1103,21.888,0.21599999999999997,0.1573802541544477,12.1,41,1,2475,29
sweep-29,64,0,8,0,18.354384342999765,1115,24.624000000000002,0.13499999999999998,0.10166177908113393,12.1,41,1,2475,29
sweep-29,64,0,8,0,18.39140753399988,1121,8.208,0.2565,0.20821114369501467,12.1,41,1,2475,29
sweep-29,64,0,8,0,18.427391772000192,1130,21.888,0.22049999999999997,0.1739980449657869,12.1,41,1,2475,29
sweep-29,64,0,8,0,18.465399897999305,1138,13.680000000000001,0.38249999999999995,0.20821114369501467,12.1,41,1,2475,29
sweep-29,64,0,8,0,18.50142628299909,1147,21.888,0.2835,0.20527859237536658,12.1,41,1,2475,29
sweep-29,64,0,8,0,18.54141453899865,1160,24.624000000000002,0.23399999999999999,0.14858260019550343,12.3,41,1,2475,29
sweep-29,64,0,8,0,18.58141638699999,1171,24.624000000000002,0.1575,0.11827956989247312,12.3,41,1,2475,29
sweep-29,64,0,8,0,18.62142042099913,1181,16.416,0.20249999999999999,0.1378299120234604,12.3,41,1,2475,29
sweep-29,64,0,8,0,18.659444397999323,1187,13.680000000000001,0.2385,0.19452590420332355,12.2,41,1,2475,29
sweep-29,64,0,8,0,18.698453069999232,1197,19.152,0.315,0.1798631476050831,12.2,41,1,2475,29
sweep-29,64,0,8,0,18.735443206000127,1205,19.152,0.33749999999999997,0.2130987292277615,12.2,41,1,2475,29
sweep-29,64,0,8,0,18.772445026999776,1216,27.360000000000003,0.18899999999999997,0.14271749755620725,12.1,41,1,2475,29
sweep-29,64,0,8,0,18.81045252399963,1227,19.152,0.20249999999999999,0.14858260019550343,12.1,41,1,2475,29
sweep-29,64,0,8,0,18.846445020999454,1237,21.888,0.1575,0.12609970674486803,12.1,41,1,2475,29
sweep-29,64,0,8,0,18.883435211999313,1244,13.680000000000001,0.3105,0.17790811339198437,12.3,41,1,2475,29
sweep-29,64,0,8,0,18.91944324599899,1252,19.152,0.26099999999999995,0.18084066471163246,12.3,41,1,2475,29
sweep-29,64,0,8,0,18.956450584999402,1260,16.416,0.31949999999999995,0.20039100684261973,12.3,41,1,2475,29
sweep-29,64,0,8,0,18.99445641499915,1269,19.152,0.3105,0.21212121212121213,12.3,41,1,2475,29
sweep-29,64,0,8,0,19.031461235999814,1282,27.360000000000003,0.18,0.1270772238514174,12.3,41,1,2475,29
sweep-29,64,0,8,0,19.067512046000047,1290,16.416,0.21599999999999997,0.16911045943304007,12.3,41,1,2475,29
sweep-29,64,0,8,0,19.105461805000232,1301,21.888,0.16649999999999998,0.12609970674486803,12.3,41,1,2475,29
sweep-29,64,0,8,0,19.141476486998727,1309,16.416,0.26999999999999996,0.17204301075268819,12.3,41,1,2475,29
sweep-29,64,0,8,0,19.18148926199865,1318,19.152,0.297,0.18084066471163246,12.3,41,1,2475,29
sweep-29,64,0,8,0,19.221489890000157,1327,16.416,0.315,0.20234604105571846,12.3,41,1,2475,29
sweep-29,64,0,8,0,19.26154008999947,1338,24.624000000000002,0.2115,0.16617790811339198,12.3,41,1,2475,29
sweep-29,64,0,8,0,19.299505828999827,1348,21.888,0.22949999999999998,0.15835777126099707,12.3,41,1,2475,29
sweep-29,64,0,8,0,19.335505696999462,1358,21.888,0.16199999999999998,0.14173998044965788,12.3,41,1,2475,29
sweep-29,64,0,8,0,19.372525295999367,1368,21.888,0.18,0.12609970674486803,12.3,41,1,2475,29
sweep-29,64,0,8,0,19.411521654999888,1374,13.680000000000001,0.2385,0.19452590420332355,12.3,41,1,2475,29
sweep-29,64,0,8,0,19.44851401499909,1385,21.888,0.297,0.1573802541544477,12.3,41,1,2475,29
sweep-29,64,0,8,0,19.484539066999787,1391,16.416,0.297,0.2179863147605083,12.3,41,1,2475,29
sweep-29,64,0,8,0,19.52255237999998,1403,27.360000000000003,0.26099999999999995,0.14271749755620725,12.3,41,1,2475,29
sweep-29,64,0,8,0,19.558554154999,1413,19.152,0.20249999999999999,0.1798631476050831,12.3,41,1,2475,29
sweep-29,64,0,8,0,19.596548763998726,1424,24.624000000000002,0.17099999999999999,0.13391984359726294,12.3,41,1,2475,29
sweep-29,64,0,8,0,19.632554947000244,1432,13.680000000000001,0.23399999999999999,0.176930596285435,12.3,41,1,2475,29
sweep-29,64,0,8,0,19.668568833998506,1440,19.152,0.22499999999999998,0.18181818181818182,12.3,41,1,2475,29
sweep-29,64,0,8,0,19.706572941999184,1449,19.152,0.306,0.1798631476050831,12.3,41,1,2475,29
sweep-29,64,0,8,0,19.74256955099918,1457,19.152,0.32399999999999995,0.19648093841642228,12.3,41,1,2475,29
sweep-29,64,0,8,0,19.779595836000226,1467,21.888,0.2835,0.17204301075268819,12.3,41,1,2475,29
sweep-29,64,0,8,0,19.815574666999964,1476,19.152,0.22949999999999998,0.1798631476050831,12.3,41,1,2475,29
sweep-29,64,0,8,0,19.852570785998978,1488,24.624000000000002,0.1575,0.11730205278592376,12.3,41,1,2475,29
sweep-29,64,0,8,0,19.888571894998677,1495,13.680000000000001,0.252,0.17790811339198437,12.3,41,1,2475,29
sweep-29,64,0,8,0,19.924561799998628,1503,19.152,0.252,0.1798631476050831,12.3,41,1,2475,29
sweep-29,64,0,8,0,19.962566815998798,1512,16.416,0.34199999999999997,0.20234604105571846,12.3,41,1,2475,29
sweep-29,64,0,8,0,19.998580498999218,1521,21.888,0.31949999999999995,0.18866080156402737,12.3,41,1,2475,29
sweep-29,64,0,8,0,20.035590153998783,1530,19.152,0.2925,0.19550342130987292,12.3,41,1,2475,29
sweep-29,64,0,8,0,20.071595874000195,1542,24.624000000000002,0.23399999999999999,0.1495601173020528,12.1,41,1,2475,29
sweep-29,64,0,8,0,20.108600974999717,1552,21.888,0.24749999999999997,0.14271749755620725,12.1,41,1,2475,29
sweep-29,64,0,8,0,20.14460004799912,1560,19.152,0.2385,0.1652003910068426,12.1,41,1,2475,29
sweep-29,64,0,8,0,20.181608147999214,1569,21.888,0.27449999999999997,0.15835777126099707,12.4,41,1,2475,29
sweep-29,64,0,8,0,20.21960970299915,1576,13.680000000000001,0.3015,0.22580645161290322,12.4,41,1,2475,29
sweep-29,64,0,8,0,20.255631404999804,1587,24.624000000000002,0.252,0.16617790811339198,12.4,41,1,2475,29
sweep-29,64,0,8,0,20.29262833899884,1595,19.152,0.26999999999999996,0.19648093841642228,12.3,41,1,2475,29
sweep-29,64,0,8,0,20.328633022998474,1606,24.624000000000002,0.2385,0.14858260019550343,12.3,41,1,2475,29
sweep-29,64,0,8,0,20.365661697000178,1615,19.152,0.26549999999999996,0.16422287390029325,12.3,41,1,2475,29
sweep-29,64,0,8,0,20.40164856699994,1624,21.888,0.19799999999999998,0.15835777126099707,12.1,41,1,2475,29
sweep-29,64,0,8,0,20.438654870999017,1633,16.416,0.27899999999999997,0.17008797653958943,12.1,41,1,2475,29
sweep-29,64,0,8,0,20.476666388000012,1641,19.152,0.2925,0.19648093841642228,12.1,41,1,2475,29
sweep-29,64,0,8,0,20.51664966499993,1652,19.152,0.288,0.1798631476050831,12.1,41,1,2475,29
sweep-29,64,0,8,0,20.552659663999293,1660,19.152,0.27899999999999997,0.19648093841642228,12.1,41,1,2475,29
sweep-29,64,0,8,0,20.589734447999945,1671,21.888,0.22949999999999998,0.17204301075268819,12.1,41,1,2475,29
sweep-29,64,0,8,0,20.625717650998922,1679,16.416,0.26549999999999996,0.20234604105571846,12.3,41,1,2475,29
sweep-29,64,0,8,0,20.662686881998525,1689,19.152,0.21599999999999997,0.1798631476050831,12.3,41,1,2475,29
sweep-29,64,0,8,0,20.698709046999284,1697,13.680000000000001,0.2835,0.20918866080156404,12.3,41,1,2475,29
sweep-29,64,0,8,0,20.73472134199983,1707,21.888,0.2565,0.17302052785923755,12.3,41,1,2475,29
sweep-29,64,0,8,0,20.772715989000062,1715,16.416,0.315,0.2013685239491691,12.3,41,1,2475,29
sweep-29,64,0,8,0,20.80871287699847,1726,24.624000000000002,0.26099999999999995,0.16617790811339198,12.3,41,1,2475,29
sweep-29,64,0,8,0,20.845710921999853,1736,21.888,0.2925,0.15835777126099707,12.3,41,1,2475,29
sweep-29,64,0,8,0,20.881712309999784,1744,19.152,0.26549999999999996,0.19550342130987292,12.2,41,1,2475,29
sweep-29,64,0,8,0,20.918717835998905,1754,21.888,0.23399999999999999,0.17302052785923755,12.2,41,1,2475,29
sweep-29,64,0,8,0,20.954723204999027,1762,16.416,0.297,0.20234604105571846,12.2,41,1,2475,29
sweep-29,64,0,8,0,20.990740295999785,1772,24.624000000000002,0.252,0.16715542521994134,12.3,41,1,2475,29
sweep-29,64,0,8,0,21.028721536999,1779,13.680000000000001,0.27899999999999997,0.2238514173998045,12.3,41,1,2475,29
sweep-29,64,0,8,0,21.06473538699902,1791,24.624000000000002,0.2565,0.15053763440860216,12.3,41,1,2475,29
sweep-29,64,0,8,0,21.101735969999936,1799,19.152,0.2925,0.1798631476050831,12.3,41,1,2475,29
sweep-29,64,0,8,0,21.13772526699904,1808,21.888,0.252,0.17302052785923755,12.3,41,1,2475,29
sweep-29,64,0,8,0,21.17474814599882,1817,19.152,0.306,0.1798631476050831,12.3,41,1,2475,29
sweep-29,64,0,8,0,21.210758589999386,1826,19.152,0.2565,0.19550342130987292,12.3,41,1,2475,29
sweep-29,64,0,8,0,21.246762663999107,1835,19.152,0.27449999999999997,0.1798631476050831,12.3,41,1,2475,29
sweep-29,64,0,8,0,21.2859020399992,1844,16.416,0.26999999999999996,0.2013685239491691,12.3,41,1,2475,29
sweep-29,64,0,8,0,21.321759357999326,1855,24.624000000000002,0.252,0.15053763440860216,12.3,41,1,2475,29
sweep-29,64,0,8,0,21.358767126999737,1862,16.416,0.288,0.20234604105571846,12.3,41,1,2475,29
sweep-29,64,0,8,0,21.394782847999522,1872,21.888,0.26549999999999996,0.17302052785923755,12.3,41,1,2475,29
sweep-29,64,0,8,0,21.430801328999223,1880,16.416,0.3465,0.2013685239491691,12.3,41,1,2475,29
sweep-29,64,0,8,0,21.466778347999934,1890,24.624000000000002,0.288,0.16617790811339198,12.3,41,1,2475,29
sweep-29,64,0,8,0,21.502783903999443,1899,21.888,0.33299999999999996,0.1739980449657869,12.3,41,1,2475,29
sweep-29,64,0,8,0,21.540785217999655,1908,21.888,0.252,0.18963831867057673,12.3,41,1,2475,29
sweep-29,64,0,8,0,21.576789662998635,1918,21.888,0.297,0.1739980449657869,12.3,41,1,2475,29
sweep-29,64,0,8,0,21.613806467999893,1926,19.152,0.33299999999999996,0.19648093841642228,12.3,41,1,2475,29
sweep-29,64,0,8,0,21.64981031899879,1936,21.888,0.24749999999999997,0.17302052785923755,12.3,41,1,2475,29
sweep-29,64,0,8,0,21.685846206999486,1943,16.416,0.288,0.2179863147605083,12.3,41,1,2475,29
sweep-29,64,0,8,0,21.723818448999737,1954,21.888,0.252,0.17204301075268819,12.3,41,1,2475,29
sweep-29,64,0,8,0,21.759827670999584,1963,19.152,0.3105,0.1798631476050831,12.3,41,1,2475,29
sweep-29,64,0,8,0,21.79684264199932,1972,21.888,0.26999999999999996,0.1739980449657869,12.3,41,1,2475,29
sweep-29,64,0,8,0,21.834838160999425,1981,16.416,0.3015,0.20039100684261973,12.3,41,1,2475,29
sweep-29,64,0,8,0,21.870840530998976,1990,19.152,0.252,0.19550342130987292,12.3,41,1,2475,29
sweep-29,64,0,8,0,21.910861641999873,2001,21.888,0.3105,0.1798631476050831,12.3,41,1,2475,29
sweep-29,64,0,8,0,21.950866622999456,2010,19.152,0.2925,0.19550342130987292,12.3,41,1,2475,29
sweep-29,64,0,8,0,21.99087169699851,2021,21.888,0.31949999999999995,0.17302052785923755,12.3,41,1,2475,29
sweep-29,64,0,8,0,22.02786011399985,2029,19.152,0.26999999999999996,0.19648093841642228,12.3,41,1,2475,29
sweep-29,64,0,8,0,22.06386250200012,2039,21.888,0.252,0.17302052785923755,12.3,41,1,2475,29
sweep-29,64,0,8,0,22.09985880000022,2048,19.152,0.306,0.19648093841642228,12.3,41,1,2475,29
sweep-29,64,0,8,0,22.136892493999767,2058,24.624000000000002,0.27899999999999997,0.16715542521994134,12.5,41,1,2475,29
sweep-29,64,0,8,0,22.173888781999267,2066,16.416,0.2925,0.2013685239491691,12.5,41,1,2475,29
sweep-29,64,0,8,0,22.210884218999126,2076,21.888,0.2565,0.17302052785923755,12.5,43,1,2475,29
sweep-29,64,0,8,0,22.246881424000094,2085,19.152,0.306,0.19550342130987292,12.5,43,1,2475,29
sweep-29,64,0,8,0,22.283886451999933,2094,21.888,0.26999999999999996,0.1739980449657869,12.3,43,1,2475,29
sweep-29,64,0,8,0,22.322903979998955,2104,21.888,0.2835,0.17302052785923755,12.3,41,1,2475,29
sweep-29,64,0,8,0,22.358923406998656,2112,16.416,0.32399999999999995,0.2013685239491691,12.3,41,1,2475,29
sweep-29,64,0,8,0,22.39591934300006,2122,21.888,0.252,0.17302052785923755,12.3,41,1,2475,29
sweep-29,64,0,8,0,22.434914371999184,2130,13.680000000000001,0.33749999999999997,0.22482893450635386,12.3,41,1,2475,29
sweep-29,64,0,8,0,22.47093366899935,2141,21.888,0.243,0.18866080156402737,12.3,41,1,2475,29
sweep-29,64,0,8,0,22.510958668999592,2150,16.416,0.297,0.2179863147605083,12.3,41,1,2475,29
sweep-29,64,0,8,0,22.550938522999786,2161,21.888,0.2835,0.18866080156402737,12.3,41,1,2475,29
sweep-29,64,0,8,0,22.59094843099956,2169,13.680000000000001,0.32849999999999996,0.2238514173998045,12.3,41,1,2475,29
sweep-29,64,0,8,0,22.63095907999923,2181,24.624000000000002,0.2925,0.16617790811339198,12.1,41,1,2475,29
sweep-29,64,0,8,0,22.667960071999914,2189,19.152,0.32399999999999995,0.19550342130987292,12.1,41,1,2475,29
sweep-29,64,0,8,0,22.70693954499984,2199,21.888,0.297,0.18866080156402737,12.1,41,1,2475,29
sweep-29,64,0,8,0,22.74302967299991,2208,19.152,0.3105,0.19550342130987292,12.3,41,1,2475,29
sweep-29,64,0,8,0,22.780047460999413,2217,19.152,0.2925,0.19550342130987292,12.3,41,1,2475,29
sweep-29,64,0,8,0,22.816992453999774,2227,21.888,0.3105,0.1739980449657869,12.3,41,1,2475,29
sweep-29,64,0,8,0,22.854108738998548,2236,19.152,0.3015,0.19648093841642228,12.3,41,1,2475,29
sweep-29,64,0,8,0,22.89411090700014,2246,19.152,0.34199999999999997,0.19550342130987292,12.3,41,1,2475,29
sweep-29,64,0,8,0,22.93102697499853,2254,19.152,0.2925,0.21212121212121213,12.3,41,1,2475,29
sweep-29,64,0,8,0,22.967023049999625,2264,21.888,0.252,0.18866080156402737,12.1,41,1,2475,29
sweep-29,64,0,8,0,23.003041383999516,2272,16.416,0.315,0.2013685239491691,12.1,41,1,2475,29
sweep-29,64,0,8,0,23.04102651499852,2283,24.624000000000002,0.26549999999999996,0.16617790811339198,12.1,41,1,2475,29
sweep-29,64,0,8,0,23.077036571999997,2291,16.416,0.2925,0.2013685239491691,12.2,41,1,2475,29
sweep-29,64,0,8,0,23.114038711999456,2300,19.152,0.2925,0.19550342130987292,12.2,41,1,2475,29
sweep-29,64,0,8,0,23.150037899999006,2309,21.888,0.3555,0.1739980449657869,12.2,41,1,2475,29
sweep-29,64,0,8,0,23.186040364998917,2316,19.152,0.34199999999999997,0.21212121212121213,12.3,41,1,2475,29
sweep-29,64,0,8,0,23.225057986999673,2327,19.152,0.3105,0.19452590420332355,12.3,41,1,2475,29
sweep-29,64,0,8,0,23.261049969998567,2336,16.416,0.351,0.2013685239491691,12.3,41,1,2475,29
sweep-29,64,0,8,0,23.299037527998735,2345,21.888,0.297,0.18866080156402737,12.3,41,1,2475,29
sweep-29,64,0,8,0,23.337040029999116,2354,16.416,0.297,0.2179863147605083,12.2,41,1,2475,29
sweep-29,64,0,8,0,23.37305743899924,2364,21.888,0.3015,0.18866080156402737,12.2,41,1,2475,29
sweep-29,64,0,8,0,23.410046524999416,2373,19.152,0.3465,0.19550342130987292,12.2,41,1,2475,29
sweep-29,64,0,8,0,23.446046768000087,2382,21.888,0.26099999999999995,0.18866080156402737,12.3,41,1,2475,29
sweep-29,64,0,8,0,23.485054463999404,2393,19.152,0.32399999999999995,0.1798631476050831,12.3,41,1,2475,28
sweep-29,64,0,8,0,23.526062920000186,2402,19.152,0.252,0.19550342130987292,12.3,41,1,2475,26
sweep-29,64,0,8,0,23.569065412999407,2412,16.416,0.2925,0.16911045943304007,12.3,41,1,2475,24
sweep-29,64,0,8,0,23.609068693000154,2419,13.680000000000001,0.306,0.19159335288367546,12.3,41,1,2475,22
sweep-29,64,0,8,0,23.649084601998766,2427,16.416,0.2835,0.1681329423264907,12.3,41,1,2475,20
sweep-29,64,0,8,0,23.689086103999216,2433,13.680000000000001,0.3015,0.1906158357771261,12.3,41,1,2475,18
sweep-29,64,0,8,0,23.729105160999097,2437,5.472,0.44099999999999995,0.24242424242424243,12.3,41,1,2475,16
sweep-29,64,0,8,0,23.76909481199982,2440,8.208,0.46349999999999997,0.2668621700879765,12.3,41,1,2475,14
sweep-29,64,0,8,0,23.808114044999456,2447,16.416,0.252,0.19550342130987292,12.3,41,1,2475,12
sweep-29,64,0,8,0,23.848114287999124,2454,13.680000000000001,0.1845,0.15640273704789834,12.3,41,1,2475,10
sweep-29,64,0,8,0,23.888132901000063,2457,5.472,0.27449999999999997,0.176930596285435,12.3,41,1,2475,8
sweep-29,64,0,8,0,23.93021827099983,2456,0.0,0.39149999999999996,0.23851417399804498,12.3,41,1,591,3
