trial,p,i,d,target,elapsed,position,velocity,current,load,voltage,temperature,torque
baseline-positioning,32,0,0,1400,0.004028979999930016,591,0.0,0.0,0.0,12.3,35,1
baseline-positioning,32,0,0,1400,0.04404349800097407,591,0.0,0.0,0.007820136852394917,12.3,35,1
baseline-positioning,32,0,0,1400,0.08002961199963465,591,0.0,0.0,0.03128054740957967,12.3,35,1
baseline-positioning,32,0,0,1400,0.11807098300050711,591,0.0,0.026999999999999996,0.06256109481915934,12.3,35,1
baseline-positioning,32,0,0,1400,0.15635983399988618,591,0.0,0.09899999999999999,0.11730205278592376,12.3,35,1
baseline-positioning,32,0,0,1400,0.19508721700003662,592,0.0,0.2115,0.17204301075268819,12.3,35,1
baseline-positioning,32,0,0,1400,0.23210265400120988,595,8.208,0.32849999999999996,0.20234604105571846,12.3,35,1
baseline-positioning,32,0,0,1400,0.26906781300021976,598,8.208,0.5265,0.2649071358748778,12.3,35,1
baseline-positioning,32,0,0,1400,0.30605275000016263,601,5.472,0.7875,0.3411534701857282,12.3,35,1
baseline-positioning,32,0,0,1400,0.3430751310006599,605,8.208,1.1609999999999998,0.4291300097751711,12.3,35,1
baseline-positioning,32,0,0,1400,0.3800745309999911,608,10.944,1.26,0.5171065493646139,12.3,35,1
baseline-positioning,32,0,0,1400,0.4180560330005392,631,51.984,1.1475,0.38514173998044965,12.3,35,1
baseline-positioning,32,0,0,1400,0.45506465499966,655,49.248000000000005,0.9764999999999999,0.3509286412512219,12.3,35,1
baseline-positioning,32,0,0,1400,0.4911002870012453,682,60.19200000000001,0.5804999999999999,0.25806451612903225,12.3,35,1
baseline-positioning,32,0,0,1400,0.5280767240001296,710,62.928000000000004,0.39149999999999996,0.16617790811339198,12.3,35,1
baseline-positioning,32,0,0,1400,0.565070642000137,729,41.040000000000006,0.5535,0.21212121212121213,12.3,35,1
baseline-positioning,32,0,0,1400,0.6010883670005569,738,21.888,0.7875,0.3147605083088954,12.3,35,1
baseline-positioning,32,0,0,1400,0.6390962750010658,750,21.888,0.738,0.3616813294232649,12.3,35,1
baseline-positioning,32,0,0,1400,0.6750925180003833,765,41.040000000000006,0.8144999999999999,0.35288367546432065,12.3,35,1
baseline-positioning,32,0,0,1400,0.7121228070009238,784,43.776,0.8144999999999999,0.3313782991202346,12.3,35,1
baseline-positioning,32,0,0,1400,0.7481071420006629,807,49.248000000000005,0.6974999999999999,0.2883675464320626,11.9,35,1
baseline-positioning,32,0,0,1400,0.7851119309998467,835,60.19200000000001,0.4095,0.187683284457478,11.9,35,1
baseline-positioning,32,0,0,1400,0.8221261460003007,855,43.776,0.4725,0.21407624633431085,11.9,35,1
baseline-positioning,32,0,0,1400,0.8591286379996745,870,35.568000000000005,0.6705,0.26295210166177907,12.3,35,1
baseline-positioning,32,0,0,1400,0.8951320300002408,879,16.416,0.8729999999999999,0.364613880742913,12.3,35,1
baseline-positioning,32,0,0,1400,0.9311434210012521,896,35.568000000000005,0.6389999999999999,0.3333333333333333,12.3,35,1
baseline-positioning,32,0,0,1400,0.9671991440009151,912,38.304,0.8009999999999999,0.34310850439882695,11.9,35,1
baseline-positioning,32,0,0,1400,1.0051680720007425,933,46.512,0.603,0.3098729227761486,11.9,35,1
baseline-positioning,32,0,0,1400,1.042156249999607,959,51.984,0.4185,0.24437927663734116,11.9,35,1
baseline-positioning,32,0,0,1400,1.079167279000103,980,43.776,0.43199999999999994,0.22971652003910067,11.9,35,1
baseline-positioning,32,0,0,1400,1.1161848089996056,997,38.304,0.513,0.24926686217008798,12.1,35,1
baseline-positioning,32,0,0,1400,1.1531652640005632,1013,32.832,0.7739999999999999,0.28347996089931576,12.1,35,1
baseline-positioning,32,0,0,1400,1.190165979000085,1022,19.152,0.9045,0.3831867057673509,12.1,35,1
baseline-positioning,32,0,0,1400,1.2261943140001677,1040,41.040000000000006,0.693,0.33724340175953077,12.3,35,1
baseline-positioning,32,0,0,1400,1.262201706000269,1058,38.304,0.6569999999999999,0.34310850439882695,12.3,37,1
baseline-positioning,32,0,0,1400,1.2992011240003194,1081,51.984,0.45449999999999996,0.2756598240469208,12.3,37,1
baseline-positioning,32,0,0,1400,1.336227597999823,1107,51.984,0.45899999999999996,0.2209188660801564,12.3,37,1
baseline-positioning,32,0,0,1400,1.3732121270004427,1127,41.040000000000006,0.40049999999999997,0.22776148582600195,12.3,35,1
baseline-positioning,32,0,0,1400,1.4092167409999092,1143,35.568000000000005,0.5355,0.25513196480938416,12.3,35,1
baseline-positioning,32,0,0,1400,1.4452141130004748,1156,32.832,0.8055,0.2991202346041056,12.1,35,1
baseline-positioning,32,0,0,1400,1.4812242450007034,1164,13.680000000000001,0.9359999999999999,0.4173998044965787,12.1,35,1
baseline-positioning,32,0,0,1400,1.5172558770009346,1183,43.776,0.7334999999999999,0.34701857282502446,12.1,35,1
baseline-positioning,32,0,0,1400,1.5552223230006348,1203,41.040000000000006,0.603,0.34506353861192574,12.3,35,1
baseline-positioning,32,0,0,1400,1.5912445289995958,1228,54.720000000000006,0.477,0.2697947214076246,12.3,35,1
baseline-positioning,32,0,0,1400,1.6292378079997434,1253,54.720000000000006,0.5265,0.2072336265884653,12.3,35,1
baseline-positioning,32,0,0,1400,1.6652447169999505,1272,38.304,0.4095,0.23362658846529813,12.3,35,1
baseline-positioning,32,0,0,1400,1.701252683000348,1287,35.568000000000005,0.513,0.23949169110459434,12.3,35,1
baseline-positioning,32,0,0,1400,1.7392486099997768,1299,30.096000000000004,0.6705,0.27370478983382207,12.3,35,1
baseline-positioning,32,0,0,1400,1.7752538160002587,1300,-5.472,1.0799999999999998,0.43304007820136853,12.3,35,1
baseline-positioning,32,0,0,1400,1.8122567709997384,1302,5.472,0.963,0.48191593352883677,12.1,35,1
baseline-positioning,32,0,0,1400,1.8492643010013126,1318,41.040000000000006,0.8234999999999999,0.36070381231671556,12.1,35,1
baseline-positioning,32,0,0,1400,1.8862763859997358,1334,32.832,0.6839999999999999,0.3147605083088954,12.1,35,1
baseline-positioning,32,0,0,1400,1.9222794440011057,1348,30.096000000000004,0.45449999999999996,0.25806451612903225,12.0,35,1
baseline-positioning,32,0,0,1400,1.9582889459998114,1365,41.040000000000006,0.315,0.14173998044965788,12.0,35,1
baseline-positioning,32,0,0,1400,1.9942862629995943,1364,-5.472,0.423,0.26881720430107525,12.0,35,1
baseline-positioning,32,0,0,1400,2.03031585700046,1364,0.0,0.46799999999999997,0.27370478983382207,12.3,35,1
baseline-positioning,32,0,0,1400,2.067340072000661,1359,-10.944,0.594,0.33528836754643204,12.3,35,1
baseline-positioning,32,0,0,1400,2.1043326199996955,1358,0.0,0.6164999999999999,0.3206256109481916,12.3,35,1
baseline-positioning,32,0,0,1400,2.141318631000104,1358,0.0,0.594,0.3206256109481916,12.0,35,1
baseline-positioning,32,0,0,1400,2.177322448000268,1361,5.472,0.49499999999999994,0.28641251221896386,12.0,35,1
baseline-positioning,32,0,0,1400,2.213330524000412,1363,0.0,0.49049999999999994,0.28152492668621704,12.0,35,1
baseline-positioning,32,0,0,1400,2.2493310820009356,1363,0.0,0.49049999999999994,0.28152492668621704,12.3,35,1
baseline-positioning,32,0,0,1400,2.285334510001121,1362,0.0,0.5445,0.28934506353861195,12.3,35,1
baseline-positioning,32,0,0,1400,2.324347982999825,1359,-5.472,0.594,0.3235581622678397,12.3,35,1
baseline-positioning,32,0,0,1400,2.361329328001375,1360,0.0,0.567,0.30498533724340177,12.3,35,1
baseline-positioning,32,0,0,1400,2.431345389000853,1361,0.0,0.5445,0.29716520039100686,12.3,35,1
baseline-positioning,32,0,0,1400,2.4673429650010803,1361,0.0,0.5445,0.29716520039100686,12.3,35,1
baseline-positioning,32,0,0,1400,2.5033792450012697,1361,0.0,0.5399999999999999,0.29716520039100686,12.3,35,1
baseline-positioning,32,0,0,1400,2.5393833950001863,1361,0.0,0.5445,0.29716520039100686,12.3,35,1
baseline-positioning,32,0,0,1400,2.575379490001069,1361,0.0,0.5399999999999999,0.29716520039100686,12.3,35,1
baseline-positioning,32,0,0,1400,2.6123839640004007,1361,0.0,0.5399999999999999,0.29716520039100686,12.3,35,1
baseline-positioning,32,0,0,1400,2.6493761600013386,1361,0.0,0.5399999999999999,0.29716520039100686,12.3,35,1
baseline-positioning,32,0,0,1400,2.6853795330007415,1361,0.0,0.5399999999999999,0.29716520039100686,12.3,35,1
baseline-positioning,32,0,0,1400,2.721405276000951,1361,0.0,0.5399999999999999,0.29716520039100686,12.5,35,1
baseline-positioning,32,0,0,1400,2.758401897999647,1361,0.0,0.5399999999999999,0.29716520039100686,12.5,35,1
baseline-positioning,32,0,0,1400,2.7954119830010313,1361,0.0,0.5399999999999999,0.29716520039100686,12.5,35,1
baseline-positioning,32,0,0,1400,2.832409975000701,1361,0.0,0.5399999999999999,0.29716520039100686,12.3,35,1
baseline-positioning,32,0,0,1400,2.868425422000655,1361,0.0,0.5399999999999999,0.29716520039100686,12.3,35,1
baseline-positioning,32,0,0,1400,2.9064047940009914,1361,0.0,0.5399999999999999,0.29716520039100686,12.3,35,1
baseline-positioning,32,0,0,1400,2.9424199069999304,1361,0.0,0.5399999999999999,0.29716520039100686,12.3,35,1
baseline-positioning,32,0,0,1400,2.9794193630004884,1361,0.0,0.5399999999999999,0.29716520039100686,12.3,35,1
baseline-positioning,32,0,0,1400,3.015422402000695,1361,0.0,0.5399999999999999,0.29716520039100686,12.3,35,1
baseline-positioning,32,0,0,1400,3.0514251080003305,1361,0.0,0.5399999999999999,0.29716520039100686,12.3,35,1
baseline-positioning,32,0,0,1400,3.088443859000108,1361,0.0,0.5399999999999999,0.29716520039100686,12.3,35,1
baseline-positioning,32,0,0,1400,3.1254628700007743,1361,0.0,0.5445,0.29716520039100686,12.3,35,1
baseline-positioning,32,0,0,1400,3.161453632001212,1361,0.0,0.5399999999999999,0.29716520039100686,12.3,35,1
baseline-positioning,32,0,0,1400,3.202507215000878,1361,0.0,0.5399999999999999,0.29716520039100686,12.0,35,1
baseline-positioning,32,0,0,1400,3.2425157520010544,1361,0.0,0.5445,0.29716520039100686,12.0,35,1
baseline-positioning,32,0,0,1400,3.2825220490012725,1361,0.0,0.5399999999999999,0.29716520039100686,12.0,35,1
baseline-positioning,32,0,0,1400,3.3242725689997314,1361,0.0,0.5399999999999999,0.29716520039100686,12.3,35,1
baseline-positioning,32,0,0,1400,3.362577197000064,1361,0.0,0.5399999999999999,0.29716520039100686,12.3,35,1
baseline-positioning,32,0,0,1400,3.4014845790006802,1361,0.0,0.5355,0.29716520039100686,12.3,35,1
baseline-positioning,32,0,0,1400,3.4384805709996726,1361,0.0,0.5399999999999999,0.29716520039100686,12.3,35,1
baseline-positioning,32,0,0,1400,3.4755007670009945,1361,0.0,0.5399999999999999,0.29716520039100686,12.3,35,1
baseline-positioning,32,0,0,1400,3.5124949450000713,1361,0.0,0.5399999999999999,0.29716520039100686,12.3,35,1
baseline-positioning,32,0,0,1400,3.549501622999742,1361,0.0,0.5399999999999999,0.29716520039100686,12.0,35,1
baseline-positioning,32,0,0,1400,3.585501588000625,1361,0.0,0.5399999999999999,0.29716520039100686,12.0,35,1
baseline-positioning,32,0,0,1400,3.6215123490001133,1361,0.0,0.5399999999999999,0.29716520039100686,12.0,35,1
baseline-positioning,32,0,0,1400,3.6595129060006,1361,0.0,0.5399999999999999,0.29716520039100686,12.0,35,1
baseline-positioning,32,0,0,1400,3.697538741000244,1361,0.0,0.5399999999999999,0.29716520039100686,12.0,35,1
baseline-positioning,32,0,0,1400,3.7355377599997155,1361,0.0,0.5399999999999999,0.29716520039100686,12.0,35,1
baseline-positioning,32,0,0,1400,3.7725314569997863,1361,0.0,0.5355,0.29716520039100686,12.3,35,1
baseline-positioning,32,0,0,1400,3.808537200000501,1361,0.0,0.5399999999999999,0.29716520039100686,12.3,35,1
baseline-positioning,32,0,0,1400,3.8465668669996376,1361,0.0,0.5399999999999999,0.29716520039100686,12.3,35,1
baseline-positioning,32,0,0,1400,3.8825583510006254,1361,0.0,0.5399999999999999,0.29716520039100686,12.3,35,1
baseline-positioning,32,0,0,1400,3.9205754450013046,1361,0.0,0.5355,0.29716520039100686,12.3,35,1
baseline-positioning,32,0,0,1400,3.9565722620009183,1361,0.0,0.5399999999999999,0.29716520039100686,12.3,35,1
baseline-positioning,32,0,0,1400,3.992570746000638,1361,0.0,0.5399999999999999,0.29716520039100686,12.3,35,1
baseline-positioning,32,0,0,1400,4.0295730529996945,1361,0.0,0.5355,0.29716520039100686,12.3,35,1
baseline-positioning,32,0,0,1400,4.066565879000336,1361,0.0,0.5355,0.29716520039100686,12.3,35,1
baseline-positioning,32,0,0,1400,4.102566622001177,1361,0.0,0.5399999999999999,0.29716520039100686,12.3,35,1
baseline-positioning,32,0,0,1400,4.141586743000516,1361,0.0,0.5399999999999999,0.29716520039100686,12.3,35,1
baseline-positioning,32,0,0,1400,4.177616819000832,1361,0.0,0.5399999999999999,0.29716520039100686,12.3,35,1
baseline-positioning,32,0,0,1400,4.216599737001161,1361,0.0,0.5355,0.29716520039100686,12.3,35,1
baseline-positioning,32,0,0,1400,4.2566021630009345,1361,0.0,0.5309999999999999,0.29716520039100686,12.3,35,1
baseline-positioning,32,0,0,1400,4.294603350001125,1361,0.0,0.5355,0.29716520039100686,12.3,35,1
baseline-positioning,32,0,0,1400,4.331607824000457,1361,0.0,0.5399999999999999,0.29716520039100686,12.3,35,1
baseline-positioning,32,0,0,1400,4.368603872000676,1361,0.0,0.5355,0.29716520039100686,12.3,35,1
baseline-positioning,32,0,0,1400,4.404605411000375,1361,0.0,0.5355,0.29716520039100686,12.3,35,1
baseline-positioning,32,0,0,1400,4.442619745999764,1361,0.0,0.5399999999999999,0.29716520039100686,12.3,35,1
baseline-positioning,32,0,0,1400,4.478621043999738,1361,0.0,0.5309999999999999,0.29716520039100686,12.5,35,1
baseline-positioning,32,0,0,1400,4.515620000000126,1361,0.0,0.5399999999999999,0.29716520039100686,12.5,35,1
baseline-positioning,32,0,0,1400,4.5516281870004605,1361,0.0,0.5309999999999999,0.29716520039100686,12.5,35,1
baseline-positioning,32,0,0,1400,4.588656087000345,1361,0.0,0.5355,0.29716520039100686,12.5,35,1
baseline-positioning,32,0,0,1400,4.626646070000788,1361,0.0,0.5399999999999999,0.29716520039100686,12.5,35,1
baseline-positioning,32,0,0,1400,4.663696210000126,1361,0.0,0.5355,0.29716520039100686,12.5,35,1
baseline-positioning,32,0,0,1400,4.700670424999771,1361,0.0,0.5355,0.29716520039100686,12.3,35,1
baseline-positioning,32,0,0,1400,4.736674853000295,1361,0.0,0.5399999999999999,0.29716520039100686,12.3,35,1
baseline-positioning,32,0,0,1400,4.775673973999801,1361,0.0,0.5399999999999999,0.29716520039100686,12.3,35,1
baseline-positioning,32,0,0,1400,4.81566801200097,1361,0.0,0.5399999999999999,0.29716520039100686,12.3,35,1
baseline-positioning,32,0,0,1400,4.855673623000257,1361,0.0,0.5355,0.29716520039100686,12.3,35,1
baseline-positioning,32,0,0,1400,4.893683291000343,1361,0.0,0.5355,0.29716520039100686,12.3,35,1
baseline-positioning,32,0,0,1400,4.931700181001361,1361,0.0,0.5355,0.29716520039100686,12.0,35,1
baseline-positioning,32,0,0,1400,4.9686843780000345,1361,0.0,0.5399999999999999,0.29716520039100686,12.0,35,1
baseline-positioning,32,0,0,1400,5.00469532399984,1361,0.0,0.5399999999999999,0.29716520039100686,12.0,35,1
baseline-positioning,32,0,0,1400,5.042688474000897,1361,0.0,0.5355,0.29716520039100686,12.3,35,1
baseline-positioning,32,0,0,1400,5.078719068000282,1361,0.0,0.5355,0.29716520039100686,12.3,35,1
baseline-positioning,32,0,0,1400,5.116709496000112,1361,0.0,0.5355,0.29716520039100686,12.3,35,1
baseline-positioning,32,0,0,1400,5.152725294001357,1361,0.0,0.5399999999999999,0.29716520039100686,12.3,35,1
baseline-positioning,32,0,0,1400,5.188726037000379,1361,0.0,0.5309999999999999,0.29716520039100686,12.3,35,1
baseline-positioning,32,0,0,1400,5.225737196000409,1361,0.0,0.5355,0.29716520039100686,12.3,36,1
baseline-positioning,32,0,0,1400,5.262741263000862,1361,0.0,0.5355,0.29716520039100686,12.3,36,1
baseline-positioning,32,0,0,1400,5.298754876001112,1361,0.0,0.5355,0.29716520039100686,12.0,36,1
baseline-positioning,32,0,0,1400,5.334762636999585,1361,0.0,0.5355,0.29716520039100686,12.0,35,1
baseline-positioning,32,0,0,1400,5.373757111001396,1361,0.0,0.5355,0.29716520039100686,12.0,35,1
baseline-positioning,32,0,0,1400,5.4137563889999,1361,0.0,0.5355,0.29716520039100686,12.0,35,1
baseline-positioning,32,0,0,1400,5.453756963001069,1361,0.0,0.5309999999999999,0.29716520039100686,12.0,35,1
baseline-positioning,32,0,0,1400,5.493778889000168,1361,0.0,0.5355,0.29716520039100686,12.0,35,1
baseline-positioning,32,0,0,1400,5.530786418999924,1361,0.0,0.5355,0.29716520039100686,12.3,35,1
baseline-positioning,32,0,0,1400,5.567794485001286,1361,0.0,0.5355,0.29716520039100686,12.3,35,1
baseline-positioning,32,0,0,1400,5.604791404000935,1361,0.0,0.5355,0.29716520039100686,12.3,35,1
baseline-positioning,32,0,0,1400,5.640790388000823,1361,0.0,0.5309999999999999,0.29716520039100686,12.3,35,1
baseline-positioning,32,0,0,1400,5.676786334001008,1361,0.0,0.5355,0.29716520039100686,12.3,35,1
baseline-positioning,32,0,0,1400,5.714787816999888,1361,0.0,0.5309999999999999,0.29716520039100686,12.3,35,1
baseline-positioning,32,0,0,1400,5.754804891999811,1361,0.0,0.5355,0.29716520039100686,12.3,35,1
baseline-positioning,32,0,0,1400,5.794807891999881,1361,0.0,0.5399999999999999,0.29716520039100686,12.3,35,1
